"StartDate","EndDate","The.following.set.of.questions.deal.with.how.you.feel.about.yourself.and.your.life..Please.remember.that.there.are.no.right.or.wrong.answers....In.general..I.feel.I.am.in.charge.of.the.situation.in.which.I.live.","The.following.set.of.questions.deal.with.how.you.feel.about.yourself.and.your.life..Please.remember.that.there.are.no.right.or.wrong.answers....The.demands.of.everyday.life.often.get.me.down.","The.following.set.of.questions.deal.with.how.you.feel.about.yourself.and.your.life..Please.remember.that.there.are.no.right.or.wrong.answers....I.do.not.fit.very.well.with.the.people.and.the.community.around.me.","The.following.set.of.questions.deal.with.how.you.feel.about.yourself.and.your.life..Please.remember.that.there.are.no.right.or.wrong.answers....I.am.quite.good.at.managing.the.many.responsibilities.of.my.daily.life.","The.following.set.of.questions.deal.with.how.you.feel.about.yourself.and.your.life..Please.remember.that.there.are.no.right.or.wrong.answers....I.often.feel.overwhelmed.by.my.responsibilities.","The.following.set.of.questions.deal.with.how.you.feel.about.yourself.and.your.life..Please.remember.that.there.are.no.right.or.wrong.answers....If.I.were.unhappy.with.my.living.situation..I.would.take.effective.steps.to.change.it.","The.following.set.of.questions.deal.with.how.you.feel.about.yourself.and.your.life..Please.remember.that.there.are.no.right.or.wrong.answers....I.generally.do.a.good.job.of.taking.care.of.my.personal.finances.and.affairs.","The.following.set.of.questions.deal.with.how.you.feel.about.yourself.and.your.life..Please.remember.that.there.are.no.right.or.wrong.answers....I.find.it.stressful.that.I.can.t.keep.up.with.all.of.the.things.I.have.to.do.each.day.","The.following.set.of.questions.deal.with.how.you.feel.about.yourself.and.your.life..Please.remember.that.there.are.no.right.or.wrong.answers....I.am.good.at.juggling.my.time.so.that.I.can.fit.everything.in.that.needs.to.get.done.","The.following.set.of.questions.deal.with.how.you.feel.about.yourself.and.your.life..Please.remember.that.there.are.no.right.or.wrong.answers....My.daily.life.is.busy..but.I.derive.a.sense.of.satisfaction.from.keeping.up.with.everything.","The.following.set.of.questions.deal.with.how.you.feel.about.yourself.and.your.life..Please.remember.that.there.are.no.right.or.wrong.answers....I.get.frustrated.when.trying.to.plan.my.daily.activities.because.I.never.accomplish.the.things.I.set.out.to.do.","The.following.set.of.questions.deal.with.how.you.feel.about.yourself.and.your.life..Please.remember.that.there.are.no.right.or.wrong.answers....My.efforts.to.find.the.kinds.of.activities.and.relationships.that.I.need.have.been.quite.successful.","The.following.set.of.questions.deal.with.how.you.feel.about.yourself.and.your.life..Please.remember.that.there.are.no.right.or.wrong.answers....I.have.difficulty.arranging.my.life.in.a.way.that.is.satisfying.to.me.","The.following.set.of.questions.deal.with.how.you.feel.about.yourself.and.your.life..Please.remember.that.there.are.no.right.or.wrong.answers....I.have.been.able.to.build.a.home.and.a.lifestyle.for.myself.that.is.much.to.my.liking.","Please.indicate.your.agreement.or.disagreement.with.the.following.statements....It.takes.too.much.effort.for.me.to.experience.complete.mental.silence.","Please.indicate.your.agreement.or.disagreement.with.the.following.statements....I.won.t.feel.emotionally.prepared.to.experience.complete.mental.silence..not.currently.and.probably.not.during.the.next.1.2.weeks.","Please.indicate.your.agreement.or.disagreement.with.the.following.statements....I.am.afraid.of.what.will.happen.if.I.stop.thinking.","Please.indicate.your.agreement.or.disagreement.with.the.following.statements....I.never.slow.down.long.enough.to.experience.complete.mental.silence.","Please.indicate.your.agreement.or.disagreement.with.the.following.statements....My.life.circumstances.prevent.me.from.experiencing.complete.mental.silence..currently.and.probably.during.the.next.1.2.weeks.","Please.indicate.your.agreement.or.disagreement.with.the.following.statements....If.I.experience.complete.mental.silence.then.I.may.lose.an.important.aspect.of.who.I.am.","Please.indicate.your.agreement.or.disagreement.with.the.following.statements....I.am.too.emotionally.preoccupied.to.experience.complete.mental.silence..currently.and.probably.during.the.next.1.2.weeks.","During.the.past.2.weeks....I.yearned.for.the.experience.of.complete.mental.silence.","During.the.past.2.weeks....I.created.favorable.external.conditions.to.allow.myself.to.experience.complete.mental.silence.","During.the.past.2.weeks....I.allowed.myself.to.experience.complete.mental.silence.","During.the.past.2.weeks....I.taught..or.helped.teach..other.people.how.to.experience.complete.mental.silence.","During.the.last.30.days..how.often.did.you.allocate.time.to.experience..or.try.to.experience..complete.mental.silence.","During.the.last.30.days..how.much.time.did.you.set.aside.per.structured.session.to.experience..or.try.to.experience..complete.mental.silence.","In.what.percentage.of.these.structured.sessions.did.you.actually.experience.complete.mental.silence..e.g..30.for.30..of.the.sessions.....Open.Ended.Response","During.structured.sessions..approximately.how.long.did.your.longest.experience.of.complete.mental.silence.last.","During.the.last.30.days..approximately.how.long.did.your.longest.experience.of.complete.mental.silence.last.outside.of.structured.sessions.","I.have.met..in.person..someone.who.is.convincingly.familiar.with.complete.mental.silence.","In.your.lifetime..how.many.people.have.you.met.who.were.convincingly.familiar.with.complete.mental.silence....Enter.0.for.none..Enter.a.number.between.1.and.1000..Enter.1000.for.1000.or.more.","I.have.sat.together.with.other.people.where.we.were.jointly.engaged.in..or.tried.to.engage.in..complete.mental.silence.","In.your.lifetime..with.how.many.people.have.you.sat.together.with.while.jointly.engaged.in..or.trying.to.engage.in..complete.mental.silence...For.example..if.your.experience.consists.of.a.session.with.10.people.on.one.occasion.and.a.session.with.20.people.on.a.separate.occasion.then.all.together.you.would.enter.30....Enter.0.for.none..Enter.a.number.between.1.and.1000..Enter.1000.for.1000.or.more.","During.my.lifetime..I.have.taught..or.helped.teach..other.people.how.to.experience.complete.mental.silence.","In.your.lifetime..how.many.people.have.you.taught..or.helped.teach..how.to.experience.complete.mental.silence....Enter.0.for.none..Enter.a.number.between.1.and.1000..Enter.1000.for.1000.or.more.","I.know.how.to.train.teachers.who.can.teach.people.how.to.experience.complete.mental.silence.","In.your.lifetime..how.many.teachers.have.you.trained.who.can.teach.others.how.to.experience.complete.mental.silence....Enter.0.for.none..Enter.a.number.between.1.and.1000..Enter.1000.for.1000.or.more.","id","time","uid"
NA,NA,NA,NA,NA,NA,NA,NA,NA,NA,NA,NA,NA,NA,NA,NA,NA,NA,NA,NA,NA,NA,NA,NA,NA,NA,NA,NA,NA,NA,NA,NA,NA,NA,NA,NA,NA,NA,NA,NA,NA,5,1980
NA,NA,NA,NA,NA,NA,NA,NA,NA,NA,NA,NA,NA,NA,NA,NA,NA,NA,NA,NA,NA,NA,NA,NA,NA,NA,NA,NA,NA,NA,NA,NA,NA,NA,NA,NA,NA,NA,NA,NA,NA,5,1981
"03/13/2015 21:51:04","03/13/2015 21:54:56","Agree Slightly","Disagree Somewhat","Disagree Somewhat","Agree Slightly","Agree Slightly","Agree Somewhat","Agree Slightly","Agree Slightly","Agree Slightly","Disagree Slightly","Disagree Slightly","Agree Somewhat","Agree Slightly","Agree Slightly","Agree somewhat","Disagree","Disagree","Agree","Agree somewhat","Disagree","Disagree somewhat","Agree somewhat","Disagree somewhat","Disagree somewhat","Disagree","1-3 times a week","21-30 minutes",10,"Between 10 seconds and 1 minute","Between 10 seconds and 1 minute","Agree",5,"Agree",40,"Disagree",0,"Disagree",0,802,5,1982
NA,NA,NA,NA,NA,NA,NA,NA,NA,NA,NA,NA,NA,NA,NA,NA,NA,NA,NA,NA,NA,NA,NA,NA,NA,NA,NA,NA,NA,NA,NA,NA,NA,NA,NA,NA,NA,NA,NA,NA,NA,5,1983
NA,NA,NA,NA,NA,NA,NA,NA,NA,NA,NA,NA,NA,NA,NA,NA,NA,NA,NA,NA,NA,NA,NA,NA,NA,NA,NA,NA,NA,NA,NA,NA,NA,NA,NA,NA,NA,NA,NA,NA,NA,5,1984
NA,NA,NA,NA,NA,NA,NA,NA,NA,NA,NA,NA,NA,NA,NA,NA,NA,NA,NA,NA,NA,NA,NA,NA,NA,NA,NA,NA,NA,NA,NA,NA,NA,NA,NA,NA,NA,NA,NA,NA,NA,5,1985
NA,NA,NA,NA,NA,NA,NA,NA,NA,NA,NA,NA,NA,NA,NA,NA,NA,NA,NA,NA,NA,NA,NA,NA,NA,NA,NA,NA,NA,NA,NA,NA,NA,NA,NA,NA,NA,NA,NA,NA,NA,5,1986
NA,NA,NA,NA,NA,NA,NA,NA,NA,NA,NA,NA,NA,NA,NA,NA,NA,NA,NA,NA,NA,NA,NA,NA,NA,NA,NA,NA,NA,NA,NA,NA,NA,NA,NA,NA,NA,NA,NA,NA,NA,5,1987
NA,NA,NA,NA,NA,NA,NA,NA,NA,NA,NA,NA,NA,NA,NA,NA,NA,NA,NA,NA,NA,NA,NA,NA,NA,NA,NA,NA,NA,NA,NA,NA,NA,NA,NA,NA,NA,NA,NA,NA,NA,5,1988
NA,NA,NA,NA,NA,NA,NA,NA,NA,NA,NA,NA,NA,NA,NA,NA,NA,NA,NA,NA,NA,NA,NA,NA,NA,NA,NA,NA,NA,NA,NA,NA,NA,NA,NA,NA,NA,NA,NA,NA,NA,5,1989
"03/26/2015 03:36:49","03/26/2015 03:41:28","Agree Somewhat","Agree Somewhat","Agree Slightly","Disagree Slightly","Agree Somewhat","Agree Somewhat","Disagree Somewhat","Agree Somewhat","Disagree Slightly","Disagree Slightly","Agree Somewhat","Agree Somewhat","Agree Somewhat","Disagree Slightly","Disagree","Disagree somewhat","Disagree","Disagree somewhat","Agree somewhat","Disagree","Disagree","Agree","Agree somewhat","Agree somewhat","Disagree","1-3 times a week","Less than 10 minutes",40,"Between 1 minute and 10 minutes","Between 10 seconds and 1 minute","Not sure",2,"Agree",150,"Disagree",0,"Disagree",0,810,5,1990
NA,NA,NA,NA,NA,NA,NA,NA,NA,NA,NA,NA,NA,NA,NA,NA,NA,NA,NA,NA,NA,NA,NA,NA,NA,NA,NA,NA,NA,NA,NA,NA,NA,NA,NA,NA,NA,NA,NA,NA,NA,5,1991
NA,NA,NA,NA,NA,NA,NA,NA,NA,NA,NA,NA,NA,NA,NA,NA,NA,NA,NA,NA,NA,NA,NA,NA,NA,NA,NA,NA,NA,NA,NA,NA,NA,NA,NA,NA,NA,NA,NA,NA,NA,5,1992
NA,NA,NA,NA,NA,NA,NA,NA,NA,NA,NA,NA,NA,NA,NA,NA,NA,NA,NA,NA,NA,NA,NA,NA,NA,NA,NA,NA,NA,NA,NA,NA,NA,NA,NA,NA,NA,NA,NA,NA,NA,5,1993
NA,NA,NA,NA,NA,NA,NA,NA,NA,NA,NA,NA,NA,NA,NA,NA,NA,NA,NA,NA,NA,NA,NA,NA,NA,NA,NA,NA,NA,NA,NA,NA,NA,NA,NA,NA,NA,NA,NA,NA,NA,5,1994
NA,NA,NA,NA,NA,NA,NA,NA,NA,NA,NA,NA,NA,NA,NA,NA,NA,NA,NA,NA,NA,NA,NA,NA,NA,NA,NA,NA,NA,NA,NA,NA,NA,NA,NA,NA,NA,NA,NA,NA,NA,5,1995
NA,NA,NA,NA,NA,NA,NA,NA,NA,NA,NA,NA,NA,NA,NA,NA,NA,NA,NA,NA,NA,NA,NA,NA,NA,NA,NA,NA,NA,NA,NA,NA,NA,NA,NA,NA,NA,NA,NA,NA,NA,5,1996
NA,NA,NA,NA,NA,NA,NA,NA,NA,NA,NA,NA,NA,NA,NA,NA,NA,NA,NA,NA,NA,NA,NA,NA,NA,NA,NA,NA,NA,NA,NA,NA,NA,NA,NA,NA,NA,NA,NA,NA,NA,5,1997
NA,NA,NA,NA,NA,NA,NA,NA,NA,NA,NA,NA,NA,NA,NA,NA,NA,NA,NA,NA,NA,NA,NA,NA,NA,NA,NA,NA,NA,NA,NA,NA,NA,NA,NA,NA,NA,NA,NA,NA,NA,5,1998
NA,NA,NA,NA,NA,NA,NA,NA,NA,NA,NA,NA,NA,NA,NA,NA,NA,NA,NA,NA,NA,NA,NA,NA,NA,NA,NA,NA,NA,NA,NA,NA,NA,NA,NA,NA,NA,NA,NA,NA,NA,5,1999
NA,NA,NA,NA,NA,NA,NA,NA,NA,NA,NA,NA,NA,NA,NA,NA,NA,NA,NA,NA,NA,NA,NA,NA,NA,NA,NA,NA,NA,NA,NA,NA,NA,NA,NA,NA,NA,NA,NA,NA,NA,5,2000
NA,NA,NA,NA,NA,NA,NA,NA,NA,NA,NA,NA,NA,NA,NA,NA,NA,NA,NA,NA,NA,NA,NA,NA,NA,NA,NA,NA,NA,NA,NA,NA,NA,NA,NA,NA,NA,NA,NA,NA,NA,5,2001
NA,NA,NA,NA,NA,NA,NA,NA,NA,NA,NA,NA,NA,NA,NA,NA,NA,NA,NA,NA,NA,NA,NA,NA,NA,NA,NA,NA,NA,NA,NA,NA,NA,NA,NA,NA,NA,NA,NA,NA,NA,5,2002
NA,NA,NA,NA,NA,NA,NA,NA,NA,NA,NA,NA,NA,NA,NA,NA,NA,NA,NA,NA,NA,NA,NA,NA,NA,NA,NA,NA,NA,NA,NA,NA,NA,NA,NA,NA,NA,NA,NA,NA,NA,5,2003
NA,NA,NA,NA,NA,NA,NA,NA,NA,NA,NA,NA,NA,NA,NA,NA,NA,NA,NA,NA,NA,NA,NA,NA,NA,NA,NA,NA,NA,NA,NA,NA,NA,NA,NA,NA,NA,NA,NA,NA,NA,5,2004
"03/19/2015 17:25:36","03/19/2015 17:32:19","Agree Slightly","Disagree Slightly","","Disagree Slightly","Agree Slightly","Strongly Agree","Strongly Agree","Agree Slightly","Agree Slightly","Disagree Somewhat","Disagree Somewhat","Agree Somewhat","Disagree Slightly","Disagree Slightly","Not sure","Disagree","Disagree","Disagree","Disagree somewhat","Disagree somewhat","Disagree somewhat","Agree","Agree somewhat","Agree somewhat","Disagree somewhat","4-6 times a week","10-20 minutes",40,"","Between 1 minute and 10 minutes","Agree",3,"Agree",20,"Not sure",0,"Not sure",0,825,5,2005
NA,NA,NA,NA,NA,NA,NA,NA,NA,NA,NA,NA,NA,NA,NA,NA,NA,NA,NA,NA,NA,NA,NA,NA,NA,NA,NA,NA,NA,NA,NA,NA,NA,NA,NA,NA,NA,NA,NA,NA,NA,5,2006
NA,NA,NA,NA,NA,NA,NA,NA,NA,NA,NA,NA,NA,NA,NA,NA,NA,NA,NA,NA,NA,NA,NA,NA,NA,NA,NA,NA,NA,NA,NA,NA,NA,NA,NA,NA,NA,NA,NA,NA,NA,5,2007
NA,NA,NA,NA,NA,NA,NA,NA,NA,NA,NA,NA,NA,NA,NA,NA,NA,NA,NA,NA,NA,NA,NA,NA,NA,NA,NA,NA,NA,NA,NA,NA,NA,NA,NA,NA,NA,NA,NA,NA,NA,5,2008
NA,NA,NA,NA,NA,NA,NA,NA,NA,NA,NA,NA,NA,NA,NA,NA,NA,NA,NA,NA,NA,NA,NA,NA,NA,NA,NA,NA,NA,NA,NA,NA,NA,NA,NA,NA,NA,NA,NA,NA,NA,5,2009
NA,NA,NA,NA,NA,NA,NA,NA,NA,NA,NA,NA,NA,NA,NA,NA,NA,NA,NA,NA,NA,NA,NA,NA,NA,NA,NA,NA,NA,NA,NA,NA,NA,NA,NA,NA,NA,NA,NA,NA,NA,5,2010
NA,NA,NA,NA,NA,NA,NA,NA,NA,NA,NA,NA,NA,NA,NA,NA,NA,NA,NA,NA,NA,NA,NA,NA,NA,NA,NA,NA,NA,NA,NA,NA,NA,NA,NA,NA,NA,NA,NA,NA,NA,5,2011
NA,NA,NA,NA,NA,NA,NA,NA,NA,NA,NA,NA,NA,NA,NA,NA,NA,NA,NA,NA,NA,NA,NA,NA,NA,NA,NA,NA,NA,NA,NA,NA,NA,NA,NA,NA,NA,NA,NA,NA,NA,5,2012
"03/13/2015 21:52:18","03/13/2015 21:55:44","Agree Somewhat","Strongly Disagree","Disagree Somewhat","Strongly Agree","Disagree Somewhat","Agree Somewhat","Agree Somewhat","Disagree Somewhat","Agree Somewhat","Strongly Agree","Disagree Somewhat","Agree Somewhat","Disagree Somewhat","Agree Somewhat","Disagree somewhat","Disagree somewhat","Disagree somewhat","Disagree somewhat","Agree somewhat","Disagree somewhat","Disagree somewhat","Disagree somewhat","Disagree somewhat","Disagree","Disagree","1-3 times a week","10-20 minutes",0,"","Longer than a moment but shorter than 10 seconds","Not sure",0,"Agree somewhat",20,"Disagree",0,"Disagree",0,833,5,2013
NA,NA,NA,NA,NA,NA,NA,NA,NA,NA,NA,NA,NA,NA,NA,NA,NA,NA,NA,NA,NA,NA,NA,NA,NA,NA,NA,NA,NA,NA,NA,NA,NA,NA,NA,NA,NA,NA,NA,NA,NA,5,2014
NA,NA,NA,NA,NA,NA,NA,NA,NA,NA,NA,NA,NA,NA,NA,NA,NA,NA,NA,NA,NA,NA,NA,NA,NA,NA,NA,NA,NA,NA,NA,NA,NA,NA,NA,NA,NA,NA,NA,NA,NA,5,2015
NA,NA,NA,NA,NA,NA,NA,NA,NA,NA,NA,NA,NA,NA,NA,NA,NA,NA,NA,NA,NA,NA,NA,NA,NA,NA,NA,NA,NA,NA,NA,NA,NA,NA,NA,NA,NA,NA,NA,NA,NA,5,2016
NA,NA,NA,NA,NA,NA,NA,NA,NA,NA,NA,NA,NA,NA,NA,NA,NA,NA,NA,NA,NA,NA,NA,NA,NA,NA,NA,NA,NA,NA,NA,NA,NA,NA,NA,NA,NA,NA,NA,NA,NA,5,2017
NA,NA,NA,NA,NA,NA,NA,NA,NA,NA,NA,NA,NA,NA,NA,NA,NA,NA,NA,NA,NA,NA,NA,NA,NA,NA,NA,NA,NA,NA,NA,NA,NA,NA,NA,NA,NA,NA,NA,NA,NA,5,2018
NA,NA,NA,NA,NA,NA,NA,NA,NA,NA,NA,NA,NA,NA,NA,NA,NA,NA,NA,NA,NA,NA,NA,NA,NA,NA,NA,NA,NA,NA,NA,NA,NA,NA,NA,NA,NA,NA,NA,NA,NA,5,2019
"03/17/2015 15:06:36","03/17/2015 15:10:02","Agree Slightly","Disagree Somewhat","Disagree Somewhat","Agree Slightly","Disagree Somewhat","Agree Slightly","Agree Slightly","Disagree Somewhat","Agree Slightly","Agree Slightly","Disagree Somewhat","Agree Slightly","Disagree Somewhat","Agree Slightly","Not sure","Not sure","Not sure","Agree somewhat","Agree somewhat","Disagree somewhat","Agree somewhat","Agree somewhat","Agree somewhat","Agree somewhat","Disagree","4-6 times a week","Less than 10 minutes",10,"Between 10 seconds and 1 minute","Between 10 seconds and 1 minute","Not sure",0,"Not sure",0,"Disagree somewhat",0,"Disagree",0,840,5,2020
NA,NA,NA,NA,NA,NA,NA,NA,NA,NA,NA,NA,NA,NA,NA,NA,NA,NA,NA,NA,NA,NA,NA,NA,NA,NA,NA,NA,NA,NA,NA,NA,NA,NA,NA,NA,NA,NA,NA,NA,NA,5,2021
"03/15/2015 02:27:29","03/15/2015 03:53:14","Strongly Agree","Agree Slightly","Disagree Somewhat","Disagree Slightly","Agree Somewhat","Agree Somewhat","Agree Somewhat","Agree Slightly","Agree Slightly","Agree Slightly","Disagree Somewhat","Strongly Agree","Strongly Disagree","Strongly Agree","Disagree","Disagree","Disagree","Disagree","Disagree","Disagree","Disagree","Agree","Agree","Agree somewhat","Disagree","1-3 times a week","21-30 minutes",33,"Between 10 seconds and 1 minute","Longer than a moment but shorter than 10 seconds","Agree",70,"Agree",40,"Agree",4,"Disagree",0,842,5,2022
"03/13/2015 22:54:52","03/13/2015 22:57:39","Strongly Agree","Disagree Slightly","Strongly Disagree","Agree Slightly","Agree Somewhat","Agree Slightly","Agree Slightly","Agree Slightly","Agree Slightly","Agree Slightly","Agree Somewhat","Strongly Agree","Disagree Somewhat","Strongly Agree","Disagree","Disagree","Disagree","Disagree","Disagree","Disagree","Disagree","Not sure","Agree somewhat","Agree somewhat","Disagree","1-3 times a week","Less than 10 minutes",10,"Longer than a moment but shorter than 10 seconds","A moment (e.g., a second or shorter)","Agree",3,"Agree somewhat",15,"Disagree",0,"Disagree somewhat",0,843,5,2023
NA,NA,NA,NA,NA,NA,NA,NA,NA,NA,NA,NA,NA,NA,NA,NA,NA,NA,NA,NA,NA,NA,NA,NA,NA,NA,NA,NA,NA,NA,NA,NA,NA,NA,NA,NA,NA,NA,NA,NA,NA,5,2024
NA,NA,NA,NA,NA,NA,NA,NA,NA,NA,NA,NA,NA,NA,NA,NA,NA,NA,NA,NA,NA,NA,NA,NA,NA,NA,NA,NA,NA,NA,NA,NA,NA,NA,NA,NA,NA,NA,NA,NA,NA,5,2025
NA,NA,NA,NA,NA,NA,NA,NA,NA,NA,NA,NA,NA,NA,NA,NA,NA,NA,NA,NA,NA,NA,NA,NA,NA,NA,NA,NA,NA,NA,NA,NA,NA,NA,NA,NA,NA,NA,NA,NA,NA,5,2026
NA,NA,NA,NA,NA,NA,NA,NA,NA,NA,NA,NA,NA,NA,NA,NA,NA,NA,NA,NA,NA,NA,NA,NA,NA,NA,NA,NA,NA,NA,NA,NA,NA,NA,NA,NA,NA,NA,NA,NA,NA,5,2027
NA,NA,NA,NA,NA,NA,NA,NA,NA,NA,NA,NA,NA,NA,NA,NA,NA,NA,NA,NA,NA,NA,NA,NA,NA,NA,NA,NA,NA,NA,NA,NA,NA,NA,NA,NA,NA,NA,NA,NA,NA,5,2028
NA,NA,NA,NA,NA,NA,NA,NA,NA,NA,NA,NA,NA,NA,NA,NA,NA,NA,NA,NA,NA,NA,NA,NA,NA,NA,NA,NA,NA,NA,NA,NA,NA,NA,NA,NA,NA,NA,NA,NA,NA,5,2029
NA,NA,NA,NA,NA,NA,NA,NA,NA,NA,NA,NA,NA,NA,NA,NA,NA,NA,NA,NA,NA,NA,NA,NA,NA,NA,NA,NA,NA,NA,NA,NA,NA,NA,NA,NA,NA,NA,NA,NA,NA,5,2030
"03/19/2015 14:35:10","03/19/2015 14:37:17","Agree Somewhat","Disagree Somewhat","Strongly Disagree","Agree Somewhat","Disagree Somewhat","Agree Slightly","Strongly Agree","Disagree Somewhat","Strongly Agree","Agree Somewhat","Disagree Somewhat","Strongly Agree","Strongly Disagree","Strongly Agree","Agree","Agree","Not sure","Agree","Agree somewhat","Disagree somewhat","Agree somewhat","Disagree","Disagree somewhat","Disagree","Disagree","I don't specifically allocate my time for complete mental silence.","I don't plan any particular amount of time",NA,"I didn't experience complete mental silence.","I didn't experience complete mental silence.","Agree",NA,"Agree",NA,"Disagree",NA,"Disagree",NA,851,5,2031
NA,NA,NA,NA,NA,NA,NA,NA,NA,NA,NA,NA,NA,NA,NA,NA,NA,NA,NA,NA,NA,NA,NA,NA,NA,NA,NA,NA,NA,NA,NA,NA,NA,NA,NA,NA,NA,NA,NA,NA,NA,5,2032
NA,NA,NA,NA,NA,NA,NA,NA,NA,NA,NA,NA,NA,NA,NA,NA,NA,NA,NA,NA,NA,NA,NA,NA,NA,NA,NA,NA,NA,NA,NA,NA,NA,NA,NA,NA,NA,NA,NA,NA,NA,5,2033
NA,NA,NA,NA,NA,NA,NA,NA,NA,NA,NA,NA,NA,NA,NA,NA,NA,NA,NA,NA,NA,NA,NA,NA,NA,NA,NA,NA,NA,NA,NA,NA,NA,NA,NA,NA,NA,NA,NA,NA,NA,5,2034
NA,NA,NA,NA,NA,NA,NA,NA,NA,NA,NA,NA,NA,NA,NA,NA,NA,NA,NA,NA,NA,NA,NA,NA,NA,NA,NA,NA,NA,NA,NA,NA,NA,NA,NA,NA,NA,NA,NA,NA,NA,5,2035
"03/15/2015 04:22:21","03/15/2015 04:26:56","Agree Slightly","Disagree Somewhat","Disagree Somewhat","Agree Slightly","Agree Slightly","Agree Slightly","Disagree Slightly","Agree Slightly","Agree Slightly","Agree Slightly","Disagree Slightly","Agree Slightly","Disagree Slightly","Disagree Slightly","Not sure","Disagree","Disagree","Not sure","Disagree","Disagree","Disagree","Agree","Agree somewhat","Agree somewhat","Disagree","4-6 times a week","10-20 minutes",0,"I didn't experience complete mental silence.","I didn't experience complete mental silence.","Agree",5,"Agree somewhat",20,"Disagree",0,"Disagree",0,856,5,2036
NA,NA,NA,NA,NA,NA,NA,NA,NA,NA,NA,NA,NA,NA,NA,NA,NA,NA,NA,NA,NA,NA,NA,NA,NA,NA,NA,NA,NA,NA,NA,NA,NA,NA,NA,NA,NA,NA,NA,NA,NA,5,2037
NA,NA,NA,NA,NA,NA,NA,NA,NA,NA,NA,NA,NA,NA,NA,NA,NA,NA,NA,NA,NA,NA,NA,NA,NA,NA,NA,NA,NA,NA,NA,NA,NA,NA,NA,NA,NA,NA,NA,NA,NA,5,2038
"03/16/2015 22:14:28","03/16/2015 22:37:02","Strongly Agree","Strongly Disagree","Strongly Disagree","Strongly Agree","Agree Somewhat","Strongly Agree","Strongly Agree","Disagree Somewhat","Agree Somewhat","Strongly Agree","Agree Slightly","Agree Somewhat","Disagree Somewhat","Strongly Agree","Disagree somewhat","Not sure","Disagree somewhat","Agree somewhat","Not sure","Disagree somewhat","Agree somewhat","Agree somewhat","Agree somewhat","Agree somewhat","Not sure","4-6 times a week","Less than 10 minutes",40,"Between 10 seconds and 1 minute","Between 10 seconds and 1 minute","Agree",30,"Agree somewhat",10,"Disagree",0,"Disagree",0,859,5,2039
"03/14/2015 23:50:02","03/15/2015 01:02:20","Agree Slightly","Disagree Somewhat","Disagree Somewhat","Disagree Slightly","Disagree Slightly","Disagree Slightly","Agree Slightly","Agree Slightly","Disagree Slightly","Agree Somewhat","Agree Somewhat","Agree Slightly","Disagree Slightly","Agree Slightly","Agree","Agree","Not sure","Agree","Agree","Not sure","Agree","Disagree","Disagree","Disagree","Disagree","I don't specifically allocate my time for complete mental silence.","I don't plan any particular amount of time",NA,"I have no idea of how much time elapsed.","I have no idea of how much time elapsed.","Agree",1,"Agree",1,"Disagree",0,"Disagree",0,860,5,2040
"03/18/2015 12:33:58","03/18/2015 12:38:14","Strongly Agree","Strongly Disagree","Strongly Disagree","Strongly Agree","Strongly Disagree","Strongly Agree","Strongly Agree","Strongly Disagree","Strongly Agree","Strongly Agree","Strongly Disagree","Strongly Agree","Strongly Disagree","Agree Somewhat","Disagree","Disagree","Disagree","Disagree","Disagree","Disagree","Disagree","Agree","Agree","Agree","Disagree","4-6 times a week","21-30 minutes",50,"Between 1 minute and 10 minutes","Between 10 minutes and 2 hours","Agree",10,"Agree",20,"Disagree",0,"Disagree",0,861,5,2041
NA,NA,NA,NA,NA,NA,NA,NA,NA,NA,NA,NA,NA,NA,NA,NA,NA,NA,NA,NA,NA,NA,NA,NA,NA,NA,NA,NA,NA,NA,NA,NA,NA,NA,NA,NA,NA,NA,NA,NA,NA,5,2042
NA,NA,NA,NA,NA,NA,NA,NA,NA,NA,NA,NA,NA,NA,NA,NA,NA,NA,NA,NA,NA,NA,NA,NA,NA,NA,NA,NA,NA,NA,NA,NA,NA,NA,NA,NA,NA,NA,NA,NA,NA,5,2043
"03/14/2015 16:34:04","03/14/2015 16:37:10","Agree Somewhat","Disagree Somewhat","Disagree Somewhat","Agree Somewhat","Agree Slightly","Agree Slightly","Agree Slightly","Disagree Slightly","Agree Slightly","Agree Slightly","Disagree Slightly","Agree Slightly","Disagree Slightly","Agree Somewhat","","Agree somewhat","Agree somewhat","Agree somewhat","Agree somewhat","Agree somewhat","Agree somewhat","Disagree somewhat","Agree somewhat","Not sure","Not sure","1-3 times a week","10-20 minutes",20,"Longer than a moment but shorter than 10 seconds","Longer than a moment but shorter than 10 seconds","Agree",3,"Agree somewhat",20,"Not sure",2,"Disagree",0,864,5,2044
"03/15/2015 09:39:39","03/15/2015 10:24:45","Strongly Agree","Agree Somewhat","Agree Somewhat","Agree Slightly","Agree Slightly","Agree Slightly","Agree Somewhat","Agree Slightly","Agree Slightly","Agree Slightly","Disagree Somewhat","Disagree Slightly","","Disagree Slightly","Agree somewhat","Disagree","Disagree","Disagree","Disagree","Disagree","Disagree","Agree","Disagree","Disagree","Disagree","1-3 times a month","I don't plan any particular amount of time",0,"I didn't experience complete mental silence.","I didn't experience complete mental silence.","Disagree",0,"Disagree",15,"Disagree",0,"Disagree",0,865,5,2045
NA,NA,NA,NA,NA,NA,NA,NA,NA,NA,NA,NA,NA,NA,NA,NA,NA,NA,NA,NA,NA,NA,NA,NA,NA,NA,NA,NA,NA,NA,NA,NA,NA,NA,NA,NA,NA,NA,NA,NA,NA,5,2046
NA,NA,NA,NA,NA,NA,NA,NA,NA,NA,NA,NA,NA,NA,NA,NA,NA,NA,NA,NA,NA,NA,NA,NA,NA,NA,NA,NA,NA,NA,NA,NA,NA,NA,NA,NA,NA,NA,NA,NA,NA,5,2047
NA,NA,NA,NA,NA,NA,NA,NA,NA,NA,NA,NA,NA,NA,NA,NA,NA,NA,NA,NA,NA,NA,NA,NA,NA,NA,NA,NA,NA,NA,NA,NA,NA,NA,NA,NA,NA,NA,NA,NA,NA,5,2048
NA,NA,NA,NA,NA,NA,NA,NA,NA,NA,NA,NA,NA,NA,NA,NA,NA,NA,NA,NA,NA,NA,NA,NA,NA,NA,NA,NA,NA,NA,NA,NA,NA,NA,NA,NA,NA,NA,NA,NA,NA,5,2049
NA,NA,NA,NA,NA,NA,NA,NA,NA,NA,NA,NA,NA,NA,NA,NA,NA,NA,NA,NA,NA,NA,NA,NA,NA,NA,NA,NA,NA,NA,NA,NA,NA,NA,NA,NA,NA,NA,NA,NA,NA,5,2050
NA,NA,NA,NA,NA,NA,NA,NA,NA,NA,NA,NA,NA,NA,NA,NA,NA,NA,NA,NA,NA,NA,NA,NA,NA,NA,NA,NA,NA,NA,NA,NA,NA,NA,NA,NA,NA,NA,NA,NA,NA,5,2051
NA,NA,NA,NA,NA,NA,NA,NA,NA,NA,NA,NA,NA,NA,NA,NA,NA,NA,NA,NA,NA,NA,NA,NA,NA,NA,NA,NA,NA,NA,NA,NA,NA,NA,NA,NA,NA,NA,NA,NA,NA,5,2052
NA,NA,NA,NA,NA,NA,NA,NA,NA,NA,NA,NA,NA,NA,NA,NA,NA,NA,NA,NA,NA,NA,NA,NA,NA,NA,NA,NA,NA,NA,NA,NA,NA,NA,NA,NA,NA,NA,NA,NA,NA,5,2053
NA,NA,NA,NA,NA,NA,NA,NA,NA,NA,NA,NA,NA,NA,NA,NA,NA,NA,NA,NA,NA,NA,NA,NA,NA,NA,NA,NA,NA,NA,NA,NA,NA,NA,NA,NA,NA,NA,NA,NA,NA,5,2054
NA,NA,NA,NA,NA,NA,NA,NA,NA,NA,NA,NA,NA,NA,NA,NA,NA,NA,NA,NA,NA,NA,NA,NA,NA,NA,NA,NA,NA,NA,NA,NA,NA,NA,NA,NA,NA,NA,NA,NA,NA,5,2055
NA,NA,NA,NA,NA,NA,NA,NA,NA,NA,NA,NA,NA,NA,NA,NA,NA,NA,NA,NA,NA,NA,NA,NA,NA,NA,NA,NA,NA,NA,NA,NA,NA,NA,NA,NA,NA,NA,NA,NA,NA,5,2056
"03/14/2015 04:39:25","03/14/2015 04:41:08","Agree Somewhat","Agree Slightly","Agree Somewhat","Agree Somewhat","Agree Somewhat","Agree Somewhat","Agree Somewhat","Agree Somewhat","Agree Somewhat","Agree Somewhat","Agree Somewhat","Agree Somewhat","Disagree Slightly","Agree Somewhat","Not sure","Not sure","Not sure","Not sure","Not sure","Not sure","Not sure","I don't understand this question.","I don't understand this question.","I don't understand this question.","I don't understand this question.","","",NA,"","","Disagree",0,"Disagree",0,"Disagree",0,"Disagree",0,877,5,2057
"03/25/2015 18:13:43","03/25/2015 18:20:42","Strongly Agree","Strongly Disagree","Strongly Disagree","Strongly Agree","Disagree Somewhat","Strongly Agree","Strongly Agree","Agree Slightly","Agree Somewhat","Agree Somewhat","Strongly Disagree","Strongly Agree","Strongly Disagree","Strongly Agree","Disagree somewhat","Disagree somewhat","Disagree somewhat","Disagree somewhat","Disagree somewhat","Disagree","Disagree somewhat","Agree","Agree somewhat","Agree somewhat","Disagree","1-3 times a week","10-20 minutes",25,"Longer than a moment but shorter than 10 seconds","I didn't experience complete mental silence.","Agree",4,"Agree",15,"Disagree",0,"Disagree",0,878,5,2058
NA,NA,NA,NA,NA,NA,NA,NA,NA,NA,NA,NA,NA,NA,NA,NA,NA,NA,NA,NA,NA,NA,NA,NA,NA,NA,NA,NA,NA,NA,NA,NA,NA,NA,NA,NA,NA,NA,NA,NA,NA,5,2059
NA,NA,NA,NA,NA,NA,NA,NA,NA,NA,NA,NA,NA,NA,NA,NA,NA,NA,NA,NA,NA,NA,NA,NA,NA,NA,NA,NA,NA,NA,NA,NA,NA,NA,NA,NA,NA,NA,NA,NA,NA,5,2060
NA,NA,NA,NA,NA,NA,NA,NA,NA,NA,NA,NA,NA,NA,NA,NA,NA,NA,NA,NA,NA,NA,NA,NA,NA,NA,NA,NA,NA,NA,NA,NA,NA,NA,NA,NA,NA,NA,NA,NA,NA,5,2061
NA,NA,NA,NA,NA,NA,NA,NA,NA,NA,NA,NA,NA,NA,NA,NA,NA,NA,NA,NA,NA,NA,NA,NA,NA,NA,NA,NA,NA,NA,NA,NA,NA,NA,NA,NA,NA,NA,NA,NA,NA,5,2062
NA,NA,NA,NA,NA,NA,NA,NA,NA,NA,NA,NA,NA,NA,NA,NA,NA,NA,NA,NA,NA,NA,NA,NA,NA,NA,NA,NA,NA,NA,NA,NA,NA,NA,NA,NA,NA,NA,NA,NA,NA,5,2063
NA,NA,NA,NA,NA,NA,NA,NA,NA,NA,NA,NA,NA,NA,NA,NA,NA,NA,NA,NA,NA,NA,NA,NA,NA,NA,NA,NA,NA,NA,NA,NA,NA,NA,NA,NA,NA,NA,NA,NA,NA,5,2064
"03/16/2015 00:17:15","03/16/2015 00:19:47","Strongly Agree","Strongly Disagree","Strongly Disagree","Strongly Agree","Disagree Somewhat","Strongly Agree","Strongly Agree","Strongly Disagree","Strongly Agree","Strongly Agree","Strongly Disagree","Strongly Disagree","Strongly Disagree","Strongly Agree","Disagree","Disagree","Disagree","Disagree","Disagree","Disagree","Disagree","Agree","Agree","Agree somewhat","Disagree","4-6 times a week","10-20 minutes",40,"A moment (e.g., a second or shorter)","Longer than a moment but shorter than 10 seconds","Agree somewhat",10,"Agree",10,"Disagree",0,"Disagree",0,885,5,2065
"03/25/2015 16:49:35","03/25/2015 16:54:02","Agree Somewhat","Disagree Slightly","Disagree Somewhat","Agree Slightly","Disagree Slightly","Agree Somewhat","Agree Slightly","Disagree Slightly","Agree Slightly","Agree Slightly","Disagree Somewhat","Agree Slightly","","Agree Somewhat","Not sure","Disagree","Disagree","Disagree somewhat","Disagree somewhat","Disagree","Disagree","Agree","Disagree somewhat","Not sure","Not sure","1-3 times a week","10-20 minutes",30,"Between 1 minute and 10 minutes","Between 1 minute and 10 minutes","Agree",7,"Agree somewhat",80,"Not sure",0,"Disagree",0,886,5,2066
NA,NA,NA,NA,NA,NA,NA,NA,NA,NA,NA,NA,NA,NA,NA,NA,NA,NA,NA,NA,NA,NA,NA,NA,NA,NA,NA,NA,NA,NA,NA,NA,NA,NA,NA,NA,NA,NA,NA,NA,NA,5,2067
NA,NA,NA,NA,NA,NA,NA,NA,NA,NA,NA,NA,NA,NA,NA,NA,NA,NA,NA,NA,NA,NA,NA,NA,NA,NA,NA,NA,NA,NA,NA,NA,NA,NA,NA,NA,NA,NA,NA,NA,NA,5,2068
NA,NA,NA,NA,NA,NA,NA,NA,NA,NA,NA,NA,NA,NA,NA,NA,NA,NA,NA,NA,NA,NA,NA,NA,NA,NA,NA,NA,NA,NA,NA,NA,NA,NA,NA,NA,NA,NA,NA,NA,NA,5,2069
NA,NA,NA,NA,NA,NA,NA,NA,NA,NA,NA,NA,NA,NA,NA,NA,NA,NA,NA,NA,NA,NA,NA,NA,NA,NA,NA,NA,NA,NA,NA,NA,NA,NA,NA,NA,NA,NA,NA,NA,NA,5,2070
NA,NA,NA,NA,NA,NA,NA,NA,NA,NA,NA,NA,NA,NA,NA,NA,NA,NA,NA,NA,NA,NA,NA,NA,NA,NA,NA,NA,NA,NA,NA,NA,NA,NA,NA,NA,NA,NA,NA,NA,NA,5,2071
NA,NA,NA,NA,NA,NA,NA,NA,NA,NA,NA,NA,NA,NA,NA,NA,NA,NA,NA,NA,NA,NA,NA,NA,NA,NA,NA,NA,NA,NA,NA,NA,NA,NA,NA,NA,NA,NA,NA,NA,NA,5,2072
NA,NA,NA,NA,NA,NA,NA,NA,NA,NA,NA,NA,NA,NA,NA,NA,NA,NA,NA,NA,NA,NA,NA,NA,NA,NA,NA,NA,NA,NA,NA,NA,NA,NA,NA,NA,NA,NA,NA,NA,NA,5,2073
NA,NA,NA,NA,NA,NA,NA,NA,NA,NA,NA,NA,NA,NA,NA,NA,NA,NA,NA,NA,NA,NA,NA,NA,NA,NA,NA,NA,NA,NA,NA,NA,NA,NA,NA,NA,NA,NA,NA,NA,NA,5,2074
"03/18/2015 15:57:19","03/24/2015 16:36:27","Strongly Disagree","Strongly Agree","Strongly Agree","Strongly Disagree","Strongly Agree","Strongly Disagree","Disagree Somewhat","Strongly Agree","Strongly Disagree","Disagree Somewhat","Strongly Agree","Strongly Disagree","Agree Slightly","Strongly Disagree","Disagree","Disagree","Disagree","Disagree","Disagree","Disagree","Disagree","Agree","Agree","Agree","Disagree","1-2 times a day","Less than 10 minutes",100,"Between 1 minute and 10 minutes","A moment (e.g., a second or shorter)","Agree somewhat",2,"Agree somewhat",20,"Disagree",0,"Disagree",0,895,5,2075
"03/14/2015 13:07:50","03/14/2015 13:11:21","Agree Somewhat","Strongly Disagree","Strongly Disagree","Strongly Agree","Disagree Somewhat","Strongly Agree","Strongly Agree","Disagree Somewhat","Agree Somewhat","Strongly Agree","Strongly Disagree","Strongly Agree","Strongly Disagree","Strongly Agree","Disagree","Disagree","Disagree","Disagree somewhat","Disagree","Disagree","Disagree somewhat","Agree somewhat","Agree somewhat","Agree","I don't understand this question.","4-6 times a week","10-20 minutes",NA,"Between 1 minute and 10 minutes","Between 10 seconds and 1 minute","Agree",NA,"Agree",NA,"Agree",NA,"Disagree",NA,896,5,2076
NA,NA,NA,NA,NA,NA,NA,NA,NA,NA,NA,NA,NA,NA,NA,NA,NA,NA,NA,NA,NA,NA,NA,NA,NA,NA,NA,NA,NA,NA,NA,NA,NA,NA,NA,NA,NA,NA,NA,NA,NA,5,2077
"03/14/2015 17:55:35","03/14/2015 18:05:22","Agree Slightly","Agree Slightly","Disagree Somewhat","Agree Somewhat","Agree Somewhat","Agree Somewhat","Agree Somewhat","Agree Slightly","Agree Slightly","Disagree Slightly","Disagree Somewhat","Disagree Slightly","Disagree Slightly","Agree Slightly","Not sure","Not sure","Disagree","Disagree somewhat","Not sure","Disagree","Not sure","Agree","Agree","Agree","Disagree somewhat","4-6 times a week","10-20 minutes",5,"Longer than a moment but shorter than 10 seconds","Between 10 seconds and 1 minute","Agree",20,"Agree",90,"Not sure",1,"Disagree",0,898,5,2078
NA,NA,NA,NA,NA,NA,NA,NA,NA,NA,NA,NA,NA,NA,NA,NA,NA,NA,NA,NA,NA,NA,NA,NA,NA,NA,NA,NA,NA,NA,NA,NA,NA,NA,NA,NA,NA,NA,NA,NA,NA,5,2079
"03/16/2015 01:21:48","03/16/2015 14:32:43","Agree Somewhat","Strongly Disagree","Disagree Slightly","Agree Somewhat","Disagree Somewhat","Agree Somewhat","Agree Somewhat","Disagree Somewhat","Strongly Agree","Agree Somewhat","Disagree Somewhat","Agree Somewhat","","Agree Slightly","Disagree","Disagree","Disagree","Disagree","Disagree","Disagree","Disagree","Agree somewhat","","Agree","Disagree","1-3 times a week","10-20 minutes",70,"Between 1 minute and 10 minutes","Between 10 seconds and 1 minute","Agree somewhat",6,"Not sure",0,"Disagree",0,"Disagree",0,900,5,2080
NA,NA,NA,NA,NA,NA,NA,NA,NA,NA,NA,NA,NA,NA,NA,NA,NA,NA,NA,NA,NA,NA,NA,NA,NA,NA,NA,NA,NA,NA,NA,NA,NA,NA,NA,NA,NA,NA,NA,NA,NA,5,2081
NA,NA,NA,NA,NA,NA,NA,NA,NA,NA,NA,NA,NA,NA,NA,NA,NA,NA,NA,NA,NA,NA,NA,NA,NA,NA,NA,NA,NA,NA,NA,NA,NA,NA,NA,NA,NA,NA,NA,NA,NA,5,2082
NA,NA,NA,NA,NA,NA,NA,NA,NA,NA,NA,NA,NA,NA,NA,NA,NA,NA,NA,NA,NA,NA,NA,NA,NA,NA,NA,NA,NA,NA,NA,NA,NA,NA,NA,NA,NA,NA,NA,NA,NA,5,2083
"03/14/2015 13:56:23","03/14/2015 13:59:18","Strongly Agree","Disagree Somewhat","Strongly Disagree","Strongly Agree","Disagree Somewhat","Strongly Agree","Strongly Agree","Disagree Somewhat","Strongly Agree","Strongly Agree","Disagree Somewhat","Strongly Agree","Disagree Somewhat","Strongly Agree","Not sure","Disagree","Disagree somewhat","Not sure","Disagree","Disagree somewhat","Disagree somewhat","Agree","Agree","Agree","Disagree somewhat","4-6 times a week","10-20 minutes",8,"Longer than a moment but shorter than 10 seconds","Longer than a moment but shorter than 10 seconds","Agree",200,"Agree",20,"Disagree",0,"Agree somewhat",0,904,5,2084
"03/13/2015 21:42:48","03/13/2015 21:46:44","Agree Slightly","Disagree Somewhat","Agree Slightly","Agree Somewhat","Disagree Somewhat","Agree Slightly","Agree Slightly","Disagree Slightly","Agree Somewhat","Agree Slightly","Disagree Slightly","Agree Slightly","Disagree Somewhat","Agree Slightly","","","","","","","","Agree somewhat","Agree","Agree","Disagree","1-3 times a week","21-30 minutes",85,"Between 1 minute and 10 minutes","Between 10 seconds and 1 minute","Agree",25,"Agree",15,"Not sure",1,"Disagree",0,905,5,2085
"03/22/2015 18:48:58","03/22/2015 18:59:18","Agree Somewhat","Agree Slightly","Agree Slightly","Agree Somewhat","Agree Slightly","Agree Slightly","Agree Somewhat","Agree Slightly","Disagree Slightly","Strongly Agree","Agree Slightly","Agree Somewhat","Disagree Slightly","Agree Somewhat","Not sure","Disagree somewhat","Disagree","Disagree somewhat","Disagree somewhat","Disagree","Not sure","Agree","Agree","Agree somewhat","Agree somewhat","1-3 times a week","21-30 minutes",10,"Between 10 seconds and 1 minute","A moment (e.g., a second or shorter)","Agree",5,"Agree",100,"Agree",2,"Disagree",0,906,5,2086
"03/16/2015 20:47:21","03/16/2015 20:56:56","Strongly Disagree","Strongly Disagree","Strongly Disagree","Strongly Agree","Strongly Disagree","Strongly Agree","Agree Somewhat","Disagree Somewhat","Strongly Agree","Strongly Agree","Strongly Disagree","Strongly Agree","Strongly Disagree","Strongly Agree","Disagree","Disagree","Disagree","Disagree","Disagree somewhat","Disagree","Disagree","Agree","Agree","Agree","Not sure","1-2 times a day","10-20 minutes",30,"A moment (e.g., a second or shorter)","A moment (e.g., a second or shorter)","Agree",700,"Agree",400,"Disagree somewhat",2,"Disagree",0,907,5,2087
"03/16/2015 16:49:53","03/16/2015 16:53:41","Agree Somewhat","Disagree Somewhat","Disagree Somewhat","Agree Somewhat","Disagree Slightly","Agree Somewhat","Agree Somewhat","Agree Slightly","Agree Somewhat","Agree Somewhat","Disagree Slightly","Agree Somewhat","Disagree Slightly","Agree Slightly","Not sure","Agree somewhat","Disagree","Not sure","Disagree somewhat","Disagree","Disagree somewhat","Not sure","Disagree somewhat","Not sure","Disagree","1-3 times a week","10-20 minutes",10,"Longer than a moment but shorter than 10 seconds","Longer than a moment but shorter than 10 seconds","Not sure",0,"Not sure",0,"Disagree",0,"Disagree",0,908,5,2088
"03/14/2015 01:44:16","03/14/2015 01:51:23","Agree Somewhat","Disagree Slightly","Strongly Disagree","Strongly Agree","Disagree Slightly","Strongly Agree","Agree Slightly","Disagree Somewhat","Agree Somewhat","Strongly Agree","Disagree Somewhat","Strongly Agree","Disagree Somewhat","Strongly Agree","Not sure","Agree","Disagree","Disagree somewhat","Not sure","Disagree","Agree","Agree","Agree","Not sure","Disagree","1-3 times a week","Less than 10 minutes",10,"Longer than a moment but shorter than 10 seconds","Longer than a moment but shorter than 10 seconds","Agree",3,"Agree",50,"Disagree",0,"Disagree",0,909,5,2089
NA,NA,NA,NA,NA,NA,NA,NA,NA,NA,NA,NA,NA,NA,NA,NA,NA,NA,NA,NA,NA,NA,NA,NA,NA,NA,NA,NA,NA,NA,NA,NA,NA,NA,NA,NA,NA,NA,NA,NA,NA,5,2090
"03/23/2015 14:32:58","03/23/2015 14:36:57","Disagree Slightly","Disagree Slightly","Disagree Slightly","Strongly Agree","Disagree Slightly","Agree Somewhat","Agree Slightly","Disagree Somewhat","Agree Somewhat","Agree Somewhat","Strongly Disagree","Agree Somewhat","Disagree Somewhat","Agree Somewhat","Disagree somewhat","Not sure","Agree somewhat","Disagree somewhat","Disagree somewhat","Disagree somewhat","Not sure","Agree somewhat","Disagree somewhat","Disagree","Disagree","1-3 times a week","10-20 minutes",20,"I have no idea of how much time elapsed.","I have no idea of how much time elapsed.","Agree",20,"Agree",30,"Not sure",0,"Disagree",0,911,5,2091
NA,NA,NA,NA,NA,NA,NA,NA,NA,NA,NA,NA,NA,NA,NA,NA,NA,NA,NA,NA,NA,NA,NA,NA,NA,NA,NA,NA,NA,NA,NA,NA,NA,NA,NA,NA,NA,NA,NA,NA,NA,5,2092
NA,NA,NA,NA,NA,NA,NA,NA,NA,NA,NA,NA,NA,NA,NA,NA,NA,NA,NA,NA,NA,NA,NA,NA,NA,NA,NA,NA,NA,NA,NA,NA,NA,NA,NA,NA,NA,NA,NA,NA,NA,5,2093
NA,NA,NA,NA,NA,NA,NA,NA,NA,NA,NA,NA,NA,NA,NA,NA,NA,NA,NA,NA,NA,NA,NA,NA,NA,NA,NA,NA,NA,NA,NA,NA,NA,NA,NA,NA,NA,NA,NA,NA,NA,5,2094
"03/24/2015 14:15:25","03/24/2015 14:18:10","Strongly Agree","Disagree Somewhat","Strongly Disagree","Agree Somewhat","Disagree Somewhat","Strongly Agree","Agree Slightly","Disagree Slightly","Agree Slightly","Strongly Agree","Strongly Disagree","Agree Somewhat","Strongly Disagree","Strongly Agree","Disagree","Disagree","Disagree","Disagree","Disagree","Disagree","Disagree","Agree","Agree","Agree","Disagree","4-6 times a week","21-30 minutes",50,"Between 1 minute and 10 minutes","Between 10 seconds and 1 minute","Agree",50,"Agree",60,"Not sure",3,"Not sure",0,915,5,2095
NA,NA,NA,NA,NA,NA,NA,NA,NA,NA,NA,NA,NA,NA,NA,NA,NA,NA,NA,NA,NA,NA,NA,NA,NA,NA,NA,NA,NA,NA,NA,NA,NA,NA,NA,NA,NA,NA,NA,NA,NA,5,2096
NA,NA,NA,NA,NA,NA,NA,NA,NA,NA,NA,NA,NA,NA,NA,NA,NA,NA,NA,NA,NA,NA,NA,NA,NA,NA,NA,NA,NA,NA,NA,NA,NA,NA,NA,NA,NA,NA,NA,NA,NA,5,2097
"03/14/2015 17:46:25","03/14/2015 17:52:56","Agree Slightly","Disagree Slightly","Disagree Slightly","Agree Slightly","Disagree Slightly","Agree Slightly","Agree Somewhat","Disagree Somewhat","Agree Slightly","Agree Slightly","Disagree Slightly","Agree Somewhat","Disagree Slightly","Agree Somewhat","Agree somewhat","Disagree","Disagree somewhat","Agree somewhat","Not sure","Disagree somewhat","Disagree somewhat","Disagree somewhat","Agree somewhat","Disagree","Disagree","1-3 times a month","10-20 minutes",0,"I didn't experience complete mental silence.","I didn't experience complete mental silence.","Not sure",0,"Agree",20,"Agree somewhat",1,"Disagree",0,918,5,2098
NA,NA,NA,NA,NA,NA,NA,NA,NA,NA,NA,NA,NA,NA,NA,NA,NA,NA,NA,NA,NA,NA,NA,NA,NA,NA,NA,NA,NA,NA,NA,NA,NA,NA,NA,NA,NA,NA,NA,NA,NA,5,2099
NA,NA,NA,NA,NA,NA,NA,NA,NA,NA,NA,NA,NA,NA,NA,NA,NA,NA,NA,NA,NA,NA,NA,NA,NA,NA,NA,NA,NA,NA,NA,NA,NA,NA,NA,NA,NA,NA,NA,NA,NA,5,2100
NA,NA,NA,NA,NA,NA,NA,NA,NA,NA,NA,NA,NA,NA,NA,NA,NA,NA,NA,NA,NA,NA,NA,NA,NA,NA,NA,NA,NA,NA,NA,NA,NA,NA,NA,NA,NA,NA,NA,NA,NA,5,2101
"03/15/2015 12:41:00","03/15/2015 12:46:22","Strongly Agree","Agree Somewhat","Agree Slightly","Agree Somewhat","Strongly Agree","Agree Somewhat","Disagree Slightly","Agree Somewhat","Agree Somewhat","Agree Somewhat","Disagree Somewhat","Agree Somewhat","Disagree Slightly","Agree Slightly","Not sure","Disagree","Disagree","Not sure","Agree somewhat","Disagree","Agree somewhat","Agree somewhat","Agree somewhat","Agree somewhat","Disagree","4-6 times a week","10-20 minutes",10,"Longer than a moment but shorter than 10 seconds","Longer than a moment but shorter than 10 seconds","Agree",5,"Agree",20,"Disagree",0,"Disagree",0,922,5,2102
"03/15/2015 18:15:44","03/15/2015 18:20:10","Strongly Agree","Disagree Somewhat","Disagree Slightly","Strongly Agree","Agree Slightly","Strongly Agree","Agree Somewhat","Strongly Disagree","Strongly Agree","Agree Somewhat","Strongly Disagree","Strongly Agree","Strongly Disagree","Strongly Agree","Agree somewhat","Disagree","Agree somewhat","Agree somewhat","Disagree","Not sure","Disagree","Agree somewhat","Agree somewhat","Agree somewhat","Agree somewhat","4-6 times a week","10-20 minutes",10,"A moment (e.g., a second or shorter)","A moment (e.g., a second or shorter)","Agree",50,"Agree",75,"Agree",3,"Disagree",0,923,5,2103
"03/16/2015 03:45:19","03/16/2015 03:47:52","Agree Slightly","Strongly Disagree","Strongly Disagree","Agree Slightly","Agree Slightly","Agree Somewhat","Agree Slightly","Agree Slightly","Agree Slightly","Agree Slightly","Disagree Slightly","Agree Somewhat","Disagree Somewhat","Agree Somewhat","Disagree somewhat","Disagree","Disagree","Agree somewhat","Disagree","Disagree","Disagree","Not sure","Not sure","Agree somewhat","Disagree","1-2 times a day","Less than 10 minutes",30,"Longer than a moment but shorter than 10 seconds","Longer than a moment but shorter than 10 seconds","Agree",3,"Agree",20,"Disagree",0,"Disagree",0,924,5,2104
"03/14/2015 16:04:40","03/14/2015 16:07:49","Strongly Agree","Strongly Disagree","Strongly Disagree","Agree Somewhat","Agree Slightly","Strongly Agree","Strongly Agree","Agree Slightly","Agree Somewhat","Strongly Agree","Disagree Somewhat","Strongly Agree","Strongly Disagree","Strongly Agree","Disagree","Disagree","Disagree","Disagree","Disagree","Disagree","Disagree","Agree somewhat","Agree somewhat","Agree somewhat","Disagree","1-3 times a week","10-20 minutes",50,"Between 1 minute and 10 minutes","Between 10 seconds and 1 minute","Agree",3,"Agree",16,"Disagree",0,"Disagree",0,925,5,2105
NA,NA,NA,NA,NA,NA,NA,NA,NA,NA,NA,NA,NA,NA,NA,NA,NA,NA,NA,NA,NA,NA,NA,NA,NA,NA,NA,NA,NA,NA,NA,NA,NA,NA,NA,NA,NA,NA,NA,NA,NA,5,2106
NA,NA,NA,NA,NA,NA,NA,NA,NA,NA,NA,NA,NA,NA,NA,NA,NA,NA,NA,NA,NA,NA,NA,NA,NA,NA,NA,NA,NA,NA,NA,NA,NA,NA,NA,NA,NA,NA,NA,NA,NA,5,2107
NA,NA,NA,NA,NA,NA,NA,NA,NA,NA,NA,NA,NA,NA,NA,NA,NA,NA,NA,NA,NA,NA,NA,NA,NA,NA,NA,NA,NA,NA,NA,NA,NA,NA,NA,NA,NA,NA,NA,NA,NA,5,2108
"03/18/2015 20:11:08","03/20/2015 19:41:13","Agree Somewhat","Disagree Somewhat","Disagree Somewhat","Agree Slightly","Disagree Slightly","Disagree Slightly","Agree Somewhat","Disagree Slightly","Disagree Slightly","Agree Slightly","Agree Slightly","Disagree Slightly","Agree Slightly","Agree Slightly","Disagree somewhat","Disagree","Disagree","Disagree","Disagree","Disagree","Disagree","Agree","Agree","Agree","Disagree","4-6 times a week","10-20 minutes",20,"Between 1 minute and 10 minutes","Between 1 minute and 10 minutes","Agree",3,"Agree",1,"Disagree",0,"Disagree",0,929,5,2109
"03/21/2015 17:47:57","03/21/2015 17:59:22","Strongly Agree","Strongly Disagree","Strongly Disagree","Strongly Agree","Disagree Slightly","Strongly Agree","Agree Somewhat","Strongly Disagree","Strongly Agree","Strongly Agree","Disagree Somewhat","Strongly Agree","Strongly Disagree","Strongly Agree","Disagree","Disagree","Disagree","Disagree","Disagree","Disagree","Disagree","Disagree somewhat","Agree","Agree","Disagree","4-6 times a week","10-20 minutes",80,"Between 10 seconds and 1 minute","Between 10 seconds and 1 minute","Agree",6,"Agree",20,"Disagree",0,"Disagree",0,930,5,2110
NA,NA,NA,NA,NA,NA,NA,NA,NA,NA,NA,NA,NA,NA,NA,NA,NA,NA,NA,NA,NA,NA,NA,NA,NA,NA,NA,NA,NA,NA,NA,NA,NA,NA,NA,NA,NA,NA,NA,NA,NA,5,2111
NA,NA,NA,NA,NA,NA,NA,NA,NA,NA,NA,NA,NA,NA,NA,NA,NA,NA,NA,NA,NA,NA,NA,NA,NA,NA,NA,NA,NA,NA,NA,NA,NA,NA,NA,NA,NA,NA,NA,NA,NA,5,2112
NA,NA,NA,NA,NA,NA,NA,NA,NA,NA,NA,NA,NA,NA,NA,NA,NA,NA,NA,NA,NA,NA,NA,NA,NA,NA,NA,NA,NA,NA,NA,NA,NA,NA,NA,NA,NA,NA,NA,NA,NA,5,2113
NA,NA,NA,NA,NA,NA,NA,NA,NA,NA,NA,NA,NA,NA,NA,NA,NA,NA,NA,NA,NA,NA,NA,NA,NA,NA,NA,NA,NA,NA,NA,NA,NA,NA,NA,NA,NA,NA,NA,NA,NA,5,2114
NA,NA,NA,NA,NA,NA,NA,NA,NA,NA,NA,NA,NA,NA,NA,NA,NA,NA,NA,NA,NA,NA,NA,NA,NA,NA,NA,NA,NA,NA,NA,NA,NA,NA,NA,NA,NA,NA,NA,NA,NA,5,2115
NA,NA,NA,NA,NA,NA,NA,NA,NA,NA,NA,NA,NA,NA,NA,NA,NA,NA,NA,NA,NA,NA,NA,NA,NA,NA,NA,NA,NA,NA,NA,NA,NA,NA,NA,NA,NA,NA,NA,NA,NA,5,2116
NA,NA,NA,NA,NA,NA,NA,NA,NA,NA,NA,NA,NA,NA,NA,NA,NA,NA,NA,NA,NA,NA,NA,NA,NA,NA,NA,NA,NA,NA,NA,NA,NA,NA,NA,NA,NA,NA,NA,NA,NA,5,2117
"04/10/2015 17:07:18","04/10/2015 17:11:50","Agree Somewhat","Disagree Somewhat","Strongly Disagree","Agree Somewhat","Agree Slightly","Strongly Agree","Strongly Agree","Disagree Slightly","Agree Somewhat","Agree Somewhat","Agree Slightly","Agree Somewhat","Disagree Somewhat","Strongly Agree","Agree somewhat","Disagree","Disagree","Agree somewhat","Agree somewhat","Disagree","Agree somewhat","Disagree somewhat","Disagree","Disagree","Disagree","I don't specifically allocate my time for complete mental silence.","I don't plan any particular amount of time",0,"I didn't experience complete mental silence.","I didn't experience complete mental silence.","Disagree",0,"Disagree",0,"Disagree",0,"Disagree",0,938,5,2118
"04/12/2015 17:29:41","04/12/2015 17:34:08","Agree Somewhat","Disagree Somewhat","Disagree Slightly","Disagree Slightly","Agree Somewhat","Disagree Somewhat","Disagree Somewhat","Agree Somewhat","Disagree Somewhat","Agree Somewhat","Disagree Somewhat","Agree Somewhat","Disagree Somewhat","Agree Somewhat","Agree","Disagree somewhat","Disagree somewhat","Disagree somewhat","Disagree somewhat","Disagree","Disagree somewhat","Agree somewhat","Not sure","Not sure","Disagree","I don't specifically allocate my time for complete mental silence.","I don't plan any particular amount of time",NA,"I didn't experience complete mental silence.","I didn't experience complete mental silence.","Not sure",NA,"Disagree somewhat",0,"Disagree",0,"Disagree",0,939,5,2119
"04/10/2015 15:24:31","04/10/2015 15:27:53","Agree Somewhat","Strongly Disagree","Strongly Disagree","Agree Somewhat","Disagree Somewhat","Strongly Agree","Agree Somewhat","Strongly Disagree","Agree Somewhat","Disagree Somewhat","Strongly Disagree","Disagree Somewhat","Strongly Disagree","Strongly Agree","Disagree","Disagree","Disagree","Disagree","Disagree","Disagree","Disagree","Agree","Agree","Agree","Disagree","1-2 times a day","10-20 minutes",100,"Longer than a moment but shorter than 10 seconds","Between 10 seconds and 1 minute","Agree somewhat",0,"Disagree",0,"Disagree",0,"Disagree",0,940,5,2120
"04/10/2015 15:00:55","04/10/2015 15:03:52","Agree Somewhat","Disagree Slightly","Disagree Somewhat","Agree Somewhat","Agree Somewhat","Strongly Agree","Agree Somewhat","Disagree Slightly","Agree Somewhat","Strongly Agree","Disagree Somewhat","Strongly Agree","Disagree Somewhat","Agree Somewhat","Agree somewhat","Disagree somewhat","Disagree","Agree somewhat","Disagree somewhat","Agree somewhat","Disagree somewhat","Agree","Not sure","Disagree","Disagree","I don't specifically allocate my time for complete mental silence.","I don't plan any particular amount of time",0,"I didn't experience complete mental silence.","I didn't experience complete mental silence.","Agree",1,"Disagree",0,"Disagree",0,"Disagree",0,941,5,2121
"04/15/2015 17:37:13","04/15/2015 17:42:20","Agree Somewhat","Agree Slightly","Agree Slightly","Agree Slightly","Agree Somewhat","Agree Somewhat","Agree Slightly","Agree Slightly","Agree Slightly","Agree Slightly","Agree Slightly","Agree Slightly","Disagree Slightly","Agree Somewhat","Not sure","Not sure","Disagree somewhat","Disagree somewhat","Agree somewhat","Disagree somewhat","Agree somewhat","Agree","Disagree","Disagree","Disagree","I don't specifically allocate my time for complete mental silence.","I don't plan any particular amount of time",0,"I didn't experience complete mental silence.","I didn't experience complete mental silence.","Disagree",0,"Disagree somewhat",0,"Disagree",0,"Disagree",0,942,5,2122
NA,NA,NA,NA,NA,NA,NA,NA,NA,NA,NA,NA,NA,NA,NA,NA,NA,NA,NA,NA,NA,NA,NA,NA,NA,NA,NA,NA,NA,NA,NA,NA,NA,NA,NA,NA,NA,NA,NA,NA,NA,5,2123
"04/15/2015 13:53:57","04/15/2015 13:55:24","Agree Somewhat","Disagree Somewhat","Disagree Somewhat","Agree Somewhat","Disagree Slightly","Agree Somewhat","Agree Somewhat","Agree Somewhat","Agree Somewhat","Agree Somewhat","Disagree Somewhat","Agree Somewhat","Disagree Somewhat","Agree Somewhat","Agree","Agree","Disagree","Agree","Agree","Disagree","Agree","Disagree","Disagree","Disagree","I don't understand this question.","","",NA,"","","Disagree",0,"Disagree",0,"Disagree",0,"Disagree",0,944,5,2124
NA,NA,NA,NA,NA,NA,NA,NA,NA,NA,NA,NA,NA,NA,NA,NA,NA,NA,NA,NA,NA,NA,NA,NA,NA,NA,NA,NA,NA,NA,NA,NA,NA,NA,NA,NA,NA,NA,NA,NA,NA,5,2125
"04/12/2015 17:23:47","04/12/2015 17:27:17","Strongly Agree","Strongly Agree","Disagree Somewhat","Strongly Agree","Strongly Agree","Strongly Agree","Strongly Agree","Strongly Agree","Strongly Agree","Strongly Agree","Disagree Somewhat","Disagree Somewhat","Strongly Disagree","Strongly Agree","Agree","Agree","Disagree","Agree","Agree","Disagree","Agree","Agree","Disagree","Disagree","Disagree","I don't specifically allocate my time for complete mental silence.","I don't plan any particular amount of time",0,"I didn't experience complete mental silence.","I didn't experience complete mental silence.","Agree",3,"Agree",4000,"Disagree",3,"Disagree",0,946,5,2126
"04/13/2015 04:34:49","04/13/2015 04:38:44","Agree Somewhat","Agree Slightly","Strongly Agree","Agree Slightly","Agree Slightly","Agree Slightly","Agree Somewhat","Agree Somewhat","Disagree Slightly","Agree Slightly","Agree Slightly","Disagree Somewhat","Agree Slightly","Agree Slightly","Agree","Agree somewhat","Disagree","Agree","Agree somewhat","Disagree","Agree somewhat","Agree somewhat","Agree somewhat","Agree somewhat","Disagree","I don't specifically allocate my time for complete mental silence.","I don't plan any particular amount of time",0,"I didn't experience complete mental silence.","Between 1 minute and 10 minutes","Agree",1,"Agree",20,"Disagree",0,"Disagree",0,947,5,2127
NA,NA,NA,NA,NA,NA,NA,NA,NA,NA,NA,NA,NA,NA,NA,NA,NA,NA,NA,NA,NA,NA,NA,NA,NA,NA,NA,NA,NA,NA,NA,NA,NA,NA,NA,NA,NA,NA,NA,NA,NA,5,2128
"04/13/2015 18:18:48","04/13/2015 18:23:38","Agree Somewhat","Strongly Disagree","Strongly Disagree","Strongly Agree","Agree Slightly","Agree Somewhat","Agree Somewhat","Disagree Somewhat","Agree Somewhat","Strongly Agree","Disagree Somewhat","Strongly Agree","Disagree Somewhat","Agree Somewhat","Disagree","Disagree","Disagree","Disagree","Disagree","Disagree","Disagree","Agree","Disagree","Disagree","Disagree","1-3 times a week","Less than 10 minutes",0,"I didn't experience complete mental silence.","I didn't experience complete mental silence.","Agree",30,"Disagree",0,"Disagree",0,"Disagree",0,949,5,2129
"04/15/2015 18:18:57","04/15/2015 18:21:26","Agree Slightly","Agree Slightly","Agree Slightly","Disagree Slightly","Strongly Agree","Agree Slightly","Agree Somewhat","Agree Slightly","Strongly Disagree","Agree Slightly","Agree Somewhat","Disagree Slightly","Agree Slightly","Disagree Somewhat","Agree somewhat","Not sure","Not sure","Agree","Agree","Agree somewhat","Agree","Agree somewhat","Disagree","Disagree","Disagree","I don't specifically allocate my time for complete mental silence.","I don't plan any particular amount of time",NA,"I didn't experience complete mental silence.","I didn't experience complete mental silence.","Agree",1,"Disagree",0,"Disagree",0,"Disagree",0,950,5,2130
"04/10/2015 15:05:57","04/10/2015 15:08:24","Agree Slightly","Agree Somewhat","Agree Slightly","Agree Somewhat","Agree Slightly","Agree Slightly","Agree Slightly","Agree Somewhat","Agree Slightly","Agree Somewhat","Agree Somewhat","Agree Slightly","Disagree Slightly","Agree Slightly","Disagree somewhat","Disagree somewhat","Disagree","Disagree somewhat","Disagree","Disagree","Disagree somewhat","Agree","Agree","Agree","Disagree","I don't specifically allocate my time for complete mental silence.","I don't plan any particular amount of time",80,"Between 10 seconds and 1 minute","Between 10 seconds and 1 minute","Disagree",0,"Disagree",0,"Disagree",0,"Disagree",0,951,5,2131
"04/14/2015 01:24:47","04/14/2015 01:31:19","Strongly Agree","Disagree Slightly","Disagree Somewhat","Agree Slightly","Disagree Slightly","Strongly Agree","Agree Slightly","Disagree Slightly","Agree Slightly","Agree Somewhat","Disagree Slightly","Agree Somewhat","Disagree Somewhat","Agree Somewhat","Disagree somewhat","Not sure","Disagree somewhat","Agree somewhat","Not sure","Disagree","Not sure","Disagree","Disagree","Disagree","I don't understand this question.","","",NA,"","","Agree somewhat",1,"Agree somewhat",30,"Disagree",0,"Disagree",0,952,5,2132
"04/12/2015 15:58:24","04/12/2015 16:02:15","Strongly Agree","Strongly Disagree","Disagree Somewhat","Agree Somewhat","Disagree Slightly","Strongly Agree","Agree Somewhat","Disagree Somewhat","Agree Somewhat","Strongly Agree","Disagree Slightly","Agree Somewhat","Disagree Somewhat","Strongly Agree","Agree somewhat","Agree somewhat","Disagree somewhat","Disagree somewhat","Agree somewhat","Disagree","Agree somewhat","Agree","Disagree somewhat","Disagree","Disagree","1-3 times a month","10-20 minutes",30,"A moment (e.g., a second or shorter)","Between 10 seconds and 1 minute","Agree",30,"Agree",100,"Disagree",0,"Disagree",0,953,5,2133
"04/10/2015 18:40:41","04/10/2015 18:47:40","Agree Somewhat","Disagree Somewhat","Disagree Slightly","Agree Slightly","Disagree Somewhat","Agree Slightly","Agree Slightly","Agree Slightly","Disagree Slightly","Agree Somewhat","Disagree Slightly","Disagree Somewhat","Disagree Somewhat","Agree Slightly","Not sure","Not sure","Disagree","Disagree","Agree somewhat","Disagree","Agree somewhat","Agree somewhat","Not sure","Not sure","I don't understand this question.","","",NA,"","","Agree",20,"Agree",20,"Disagree",0,"Disagree",0,954,5,2134
"04/12/2015 13:38:53","04/12/2015 13:40:40","Agree Slightly","Disagree Slightly","Disagree Slightly","Strongly Disagree","Agree Slightly","Disagree Somewhat","Disagree Slightly","Disagree Slightly","Agree Slightly","Agree Slightly","Disagree Slightly","Disagree Somewhat","Disagree Somewhat","Agree Somewhat","Disagree somewhat","Not sure","Not sure","Not sure","Agree somewhat","Not sure","Agree somewhat","Not sure","Agree somewhat","Disagree somewhat","Disagree somewhat","1-2 times a day","31-45 minutes",23,"Longer than a moment but shorter than 10 seconds","A moment (e.g., a second or shorter)","Agree somewhat",24,"Disagree",37,"Disagree somewhat",3,"Disagree somewhat",123,955,5,2135
"04/10/2015 15:04:09","04/10/2015 15:06:38","Strongly Agree","Disagree Somewhat","Strongly Disagree","Agree Somewhat","Disagree Somewhat","Agree Somewhat","Agree Somewhat","Disagree Somewhat","Agree Somewhat","Strongly Agree","Disagree Slightly","Strongly Agree","Disagree Somewhat","Agree Somewhat","Disagree","Disagree","Disagree","Agree somewhat","Disagree","Disagree","Disagree somewhat","Agree somewhat","Agree somewhat","Agree somewhat","Disagree","1-3 times a month","10-20 minutes",30,"Between 1 minute and 10 minutes","Between 1 minute and 10 minutes","Agree",15,"Agree",15,"Disagree",0,"Disagree",0,956,5,2136
"04/15/2015 18:36:44","04/15/2015 18:42:28","Agree Somewhat","Strongly Disagree","Agree Somewhat","Agree Somewhat","Disagree Somewhat","Agree Slightly","Agree Somewhat","Disagree Somewhat","Strongly Agree","Disagree Slightly","Disagree Somewhat","Disagree Somewhat","Strongly Disagree","Agree Somewhat","Disagree somewhat","Disagree","Disagree","Disagree","Disagree","Disagree","Disagree","Disagree","Disagree","Disagree","Disagree","I don't specifically allocate my time for complete mental silence.","31-45 minutes",0,"I didn't experience complete mental silence.","I didn't experience complete mental silence.","Agree",3,"Agree",110,"Disagree",0,"Disagree",0,957,5,2137
"04/10/2015 23:45:32","04/10/2015 23:51:47","Agree Somewhat","Agree Slightly","Disagree Slightly","Agree Slightly","Agree Somewhat","Strongly Agree","Agree Slightly","Agree Slightly","Agree Somewhat","Agree Slightly","Agree Somewhat","Agree Slightly","Disagree Slightly","Strongly Agree","Disagree","Disagree somewhat","Disagree","Agree somewhat","Disagree somewhat","Disagree","Agree somewhat","Agree","Disagree somewhat","Disagree somewhat","Disagree","1-3 times a month","Less than 10 minutes",5,"Longer than a moment but shorter than 10 seconds","Longer than a moment but shorter than 10 seconds","Agree",150,"Agree",200,"Not sure",0,"Disagree",0,958,5,2138
"04/15/2015 13:17:21","04/15/2015 13:20:28","Agree Slightly","Disagree Somewhat","Disagree Somewhat","Agree Somewhat","Disagree Slightly","Agree Somewhat","Agree Somewhat","Agree Slightly","Agree Somewhat","Disagree Slightly","Disagree Somewhat","Agree Somewhat","Disagree Slightly","Agree Somewhat","Agree somewhat","Not sure","Disagree","Disagree somewhat","Not sure","Disagree","Not sure","Not sure","Disagree somewhat","Agree somewhat","Disagree","I don't specifically allocate my time for complete mental silence.","I don't plan any particular amount of time",0,"Longer than a moment but shorter than 10 seconds","Longer than a moment but shorter than 10 seconds","Agree",1,"Disagree",0,"Disagree",0,"Disagree",0,959,5,2139
"04/13/2015 17:32:23","04/13/2015 17:34:49","Agree Slightly","Disagree Slightly","Disagree Slightly","Agree Slightly","Disagree Slightly","Agree Slightly","Agree Slightly","Disagree Slightly","Agree Slightly","Agree Slightly","Disagree Slightly","Disagree Slightly","Disagree Slightly","Agree Slightly","Disagree somewhat","Disagree somewhat","Disagree somewhat","Disagree somewhat","Disagree somewhat","Disagree somewhat","Disagree somewhat","Agree somewhat","Disagree somewhat","Not sure","Disagree","4-6 times a week","Less than 10 minutes",5,"Between 10 seconds and 1 minute","Between 10 seconds and 1 minute","Agree",3,"Agree",3,"Disagree",NA,"Disagree",NA,960,5,2140
"04/10/2015 17:13:22","04/10/2015 17:16:42","Disagree Slightly","Agree Slightly","Disagree Somewhat","Disagree Slightly","Agree Slightly","Disagree Slightly","Agree Somewhat","Agree Slightly","Agree Slightly","Agree Slightly","Agree Slightly","Disagree Slightly","Agree Slightly","Disagree Slightly","Agree","Agree","Disagree","Agree","Not sure","Disagree","Agree","Agree","Disagree","Disagree","Disagree","1-3 times a month","21-30 minutes",0,"I didn't experience complete mental silence.","I didn't experience complete mental silence.","Agree",1,"Agree",50,"Disagree",0,"Disagree",0,961,5,2141
"04/10/2015 15:25:14","04/10/2015 15:28:46","Agree Somewhat","Agree Slightly","Disagree Somewhat","Agree Somewhat","Agree Somewhat","Agree Somewhat","Agree Somewhat","Disagree Slightly","Agree Slightly","Agree Somewhat","Disagree Slightly","Agree Somewhat","Disagree Slightly","Agree Somewhat","Disagree somewhat","Disagree","Disagree","Disagree somewhat","Disagree somewhat","Disagree","Not sure","Agree somewhat","Agree somewhat","Not sure","Disagree","1-3 times a month","46-60 minutes",10,"Longer than a moment but shorter than 10 seconds","I didn't experience complete mental silence.","Not sure",0,"Disagree",0,"Disagree",0,"Disagree",0,962,5,2142
"04/14/2015 02:11:56","04/14/2015 02:13:57","Agree Slightly","Disagree Slightly","Disagree Slightly","Agree Slightly","Agree Slightly","Agree Slightly","Agree Slightly","Disagree Slightly","Disagree Slightly","Agree Slightly","Disagree Slightly","Agree Slightly","Disagree Slightly","Agree Slightly","Disagree somewhat","Not sure","Agree somewhat","Not sure","Disagree somewhat","Not sure","Not sure","Agree","Agree","Not sure","Not sure","more than 2 times a day","Less than 10 minutes",0,"I didn't experience complete mental silence.","I didn't experience complete mental silence.","Not sure",0,"Not sure",0,"Not sure",0,"Not sure",0,963,5,2143
"04/10/2015 18:48:11","04/10/2015 19:00:14","Agree Somewhat","Disagree Slightly","Disagree Slightly","Agree Somewhat","Agree Slightly","Agree Somewhat","Agree Somewhat","Agree Slightly","Agree Slightly","Agree Somewhat","Agree Slightly","Agree Somewhat","Disagree Slightly","Agree Somewhat","Agree somewhat","Agree somewhat","Agree somewhat","Agree somewhat","Agree somewhat","Not sure","Agree somewhat","Disagree somewhat","Disagree","Disagree","Disagree","I don't specifically allocate my time for complete mental silence.","I don't plan any particular amount of time",0,"I didn't experience complete mental silence.","I didn't experience complete mental silence.","Agree somewhat",2,"Disagree",0,"Disagree",0,"Disagree",0,964,5,2144
"04/10/2015 18:49:02","04/10/2015 18:51:36","Agree Somewhat","Disagree Slightly","Disagree Somewhat","Agree Somewhat","Disagree Slightly","Agree Somewhat","Agree Somewhat","Disagree Slightly","Agree Somewhat","Agree Somewhat","Agree Somewhat","Disagree Slightly","Disagree Somewhat","Agree Somewhat","Agree somewhat","Agree somewhat","Agree somewhat","Agree somewhat","Agree somewhat","Agree somewhat","Agree somewhat","Disagree","Disagree","Disagree","Disagree","I don't specifically allocate my time for complete mental silence.","I don't plan any particular amount of time",0,"I didn't experience complete mental silence.","I didn't experience complete mental silence.","Disagree",0,"Disagree",0,"Disagree",0,"Disagree",0,965,5,2145
"04/14/2015 00:49:07","04/14/2015 01:02:14","Disagree Slightly","Disagree Slightly","Disagree Somewhat","Agree Slightly","Agree Slightly","Agree Slightly","Agree Slightly","Disagree Slightly","Agree Slightly","Agree Slightly","Disagree Slightly","Agree Slightly","Disagree Slightly","Agree Slightly","Agree somewhat","Agree somewhat","Disagree somewhat","Disagree somewhat","Agree somewhat","Disagree somewhat","Agree somewhat","Disagree somewhat","Disagree somewhat","Disagree somewhat","Disagree somewhat","I don't specifically allocate my time for complete mental silence.","I don't plan any particular amount of time",0,"I didn't experience complete mental silence.","I didn't experience complete mental silence.","Disagree",0,"Disagree",0,"Disagree",0,"Disagree",0,966,5,2146
"04/10/2015 14:19:20","04/10/2015 14:22:09","Agree Slightly","Disagree Slightly","Agree Somewhat","Agree Slightly","Disagree Slightly","Agree Somewhat","Agree Slightly","Agree Slightly","Disagree Somewhat","Agree Slightly","Agree Somewhat","Disagree Somewhat","Disagree Slightly","Disagree Somewhat","Not sure","Not sure","Disagree somewhat","Disagree somewhat","Not sure","Not sure","Not sure","I don't understand this question.","I don't understand this question.","I don't understand this question.","I don't understand this question.","","",NA,"","","Disagree",0,"Disagree",0,"Disagree",0,"Disagree",0,967,5,2147
"04/10/2015 14:57:46","04/10/2015 15:07:40","Strongly Agree","Strongly Disagree","Strongly Disagree","Agree Somewhat","Disagree Slightly","Strongly Agree","Strongly Agree","Disagree Slightly","Agree Slightly","Agree Somewhat","Disagree Slightly","Strongly Agree","Strongly Disagree","Strongly Agree","Disagree somewhat","Disagree","Agree somewhat","Agree somewhat","Agree","Disagree","Disagree","Agree","Disagree","Agree","Agree somewhat","1-3 times a week","10-20 minutes",45,"A moment (e.g., a second or shorter)","A moment (e.g., a second or shorter)","Agree",2,"Disagree",0,"Disagree",0,"Disagree",0,968,5,2148
"04/14/2015 02:49:23","04/16/2015 18:31:58","Agree Slightly","Agree Slightly","Disagree Slightly","Disagree Slightly","Agree Somewhat","Agree Slightly","Disagree Slightly","Agree Slightly","Disagree Slightly","Agree Somewhat","Agree Slightly","Agree Slightly","Agree Somewhat","Disagree Slightly","Disagree","Disagree","Disagree","Disagree","Disagree","Disagree","Disagree","Agree somewhat","Agree somewhat","Agree somewhat","Disagree","1-3 times a month","Less than 10 minutes",0,"I didn't experience complete mental silence.","I didn't experience complete mental silence.","Agree",1,"Agree",1,"Disagree",0,"Disagree",0,969,5,2149
"04/10/2015 15:46:20","04/10/2015 15:49:13","Agree Somewhat","Disagree Slightly","Agree Somewhat","Agree Somewhat","Disagree Slightly","Agree Somewhat","Strongly Agree","Disagree Slightly","Disagree Slightly","Strongly Agree","Disagree Somewhat","Agree Slightly","Agree Slightly","Agree Somewhat","Not sure","Disagree","Disagree","Agree somewhat","Agree somewhat","Disagree","Agree somewhat","Disagree","Disagree","Disagree","Disagree","I don't specifically allocate my time for complete mental silence.","I don't plan any particular amount of time",0,"I didn't experience complete mental silence.","I didn't experience complete mental silence.","Disagree",0,"Disagree",0,"Disagree",0,"Disagree",0,970,5,2150
"04/12/2015 16:15:03","04/12/2015 16:16:57","Disagree Slightly","Agree Slightly","Agree Slightly","Agree Slightly","Agree Slightly","Agree Somewhat","Agree Slightly","Agree Somewhat","Agree Slightly","Disagree Slightly","Agree Slightly","Agree Slightly","Agree Slightly","Agree Slightly","Agree","Agree","Agree","Agree","Agree","Agree","Agree","Not sure","Disagree somewhat","Disagree somewhat","Disagree somewhat","I don't specifically allocate my time for complete mental silence.","I don't plan any particular amount of time",0,"I didn't experience complete mental silence.","I didn't experience complete mental silence.","Disagree",0,"Disagree",0,"Disagree",0,"Disagree",0,971,5,2151
"04/10/2015 16:22:16","04/10/2015 16:40:29","Strongly Agree","Strongly Disagree","Strongly Disagree","Strongly Agree","Disagree Somewhat","Strongly Agree","Strongly Agree","Disagree Somewhat","Strongly Agree","Strongly Agree","Strongly Disagree","Strongly Agree","Strongly Disagree","Strongly Agree","Agree","Not sure","Disagree somewhat","Agree","Agree","Disagree somewhat","Agree somewhat","Disagree","Disagree","Disagree","Disagree","I don't specifically allocate my time for complete mental silence.","I don't plan any particular amount of time",0,"I didn't experience complete mental silence.","I didn't experience complete mental silence.","Not sure",0,"Disagree",0,"Disagree",0,"Disagree",0,972,5,2152
"04/10/2015 15:28:03","04/10/2015 15:30:52","Agree Somewhat","Agree Slightly","Disagree Somewhat","Agree Somewhat","Disagree Slightly","Strongly Agree","Agree Somewhat","Disagree Slightly","Agree Somewhat","Agree Somewhat","Disagree Somewhat","Agree Somewhat","Disagree Somewhat","Agree Somewhat","Agree somewhat","Not sure","Disagree","Agree","Agree somewhat","Disagree","Not sure","Disagree","Disagree","Disagree","Disagree","I don't specifically allocate my time for complete mental silence.","I don't plan any particular amount of time",0,"I didn't experience complete mental silence.","I didn't experience complete mental silence.","Not sure",0,"Disagree",0,"Disagree",0,"Disagree",0,973,5,2153
"04/10/2015 17:40:42","04/10/2015 17:44:19","Agree Slightly","Disagree Slightly","Disagree Slightly","Disagree Slightly","Agree Slightly","Agree Somewhat","Agree Slightly","Disagree Slightly","Disagree Slightly","Disagree Slightly","Agree Slightly","Agree Slightly","Agree Slightly","Agree Slightly","","Not sure","Not sure","Disagree","Not sure","Not sure","Not sure","Disagree","Disagree","Disagree","Disagree","I don't specifically allocate my time for complete mental silence.","I don't plan any particular amount of time",NA,"I didn't experience complete mental silence.","I didn't experience complete mental silence.","Not sure",4,"Disagree",0,"",NA,"Disagree",0,974,5,2154
"04/10/2015 19:33:07","04/10/2015 19:39:07","Agree Slightly","Disagree Slightly","Agree Somewhat","Agree Slightly","Agree Slightly","Disagree Slightly","Agree Slightly","Disagree Slightly","Agree Slightly","Agree Slightly","Disagree Slightly","Disagree Slightly","Disagree Slightly","Disagree Slightly","Agree","Disagree","Disagree","Agree","Agree","Disagree","Disagree","Disagree","Disagree","Disagree","Disagree","I don't specifically allocate my time for complete mental silence.","I don't plan any particular amount of time",0,"I didn't experience complete mental silence.","I didn't experience complete mental silence.","Disagree",0,"Disagree",0,"Disagree",0,"Disagree",0,975,5,2155
"04/14/2015 16:46:20","04/14/2015 16:52:15","Agree Somewhat","Disagree Somewhat","Disagree Somewhat","Agree Somewhat","Agree Slightly","Agree Somewhat","Agree Somewhat","Agree Slightly","Agree Somewhat","Agree Somewhat","Agree Somewhat","Agree Somewhat","Disagree Somewhat","Agree Somewhat","Not sure","Not sure","Not sure","Not sure","Not sure","Not sure","Not sure","Not sure","Not sure","Not sure","Not sure","I don't specifically allocate my time for complete mental silence.","I don't plan any particular amount of time",0,"I have no idea of how much time elapsed.","I have no idea of how much time elapsed.","Not sure",0,"Not sure",0,"Not sure",0,"Not sure",0,976,5,2156
"04/13/2015 15:43:52","04/13/2015 15:46:17","Strongly Agree","Strongly Disagree","Strongly Disagree","Strongly Agree","Disagree Somewhat","Strongly Agree","Strongly Agree","Strongly Disagree","Strongly Agree","Strongly Agree","Disagree Somewhat","","Strongly Disagree","","Disagree","Disagree","Disagree","Disagree","Disagree","Disagree","Disagree","","","","","","",NA,"","","Agree",20,"Agree",10,"Disagree",1,"Disagree",0,977,5,2157
"04/15/2015 16:18:38","04/15/2015 16:20:36","Agree Slightly","Disagree Somewhat","Disagree Somewhat","Agree Slightly","Disagree Slightly","Disagree Somewhat","Agree Slightly","Disagree Somewhat","Agree Slightly","Agree Slightly","Disagree Slightly","Disagree Slightly","Disagree Somewhat","Agree Slightly","Not sure","Not sure","Not sure","Not sure","Not sure","Not sure","Not sure","Not sure","Not sure","Not sure","Not sure","I don't specifically allocate my time for complete mental silence.","I don't plan any particular amount of time",NA,"I didn't experience complete mental silence.","I didn't experience complete mental silence.","Disagree",0,"Disagree",0,"Disagree",0,"Disagree",0,978,5,2158
NA,NA,NA,NA,NA,NA,NA,NA,NA,NA,NA,NA,NA,NA,NA,NA,NA,NA,NA,NA,NA,NA,NA,NA,NA,NA,NA,NA,NA,NA,NA,NA,NA,NA,NA,NA,NA,NA,NA,NA,NA,5,2159
"04/13/2015 17:13:38","04/13/2015 17:16:24","Strongly Agree","Disagree Slightly","Strongly Disagree","Agree Slightly","Agree Somewhat","Strongly Agree","Agree Somewhat","Agree Slightly","Agree Slightly","Agree Somewhat","Disagree Slightly","Strongly Agree","Strongly Disagree","Strongly Agree","Agree somewhat","Disagree","Disagree","Agree","Agree","Disagree","Disagree","Agree","Agree somewhat","Disagree","Disagree","I don't specifically allocate my time for complete mental silence.","I don't plan any particular amount of time",0,"I didn't experience complete mental silence.","I didn't experience complete mental silence.","Agree",5,"Agree",30,"Disagree",0,"Disagree",0,980,5,2160
"04/10/2015 17:15:58","04/10/2015 17:20:23","Agree Somewhat","Agree Slightly","Disagree Somewhat","Strongly Agree","Agree Slightly","Agree Slightly","Agree Slightly","Agree Slightly","Agree Slightly","Strongly Agree","Disagree Somewhat","Agree Somewhat","Strongly Agree","Agree Somewhat","Not sure","Not sure","Agree","Disagree","Disagree somewhat","Agree","Disagree somewhat","Disagree","Disagree","Disagree","Disagree","I don't specifically allocate my time for complete mental silence.","I don't plan any particular amount of time",0,"I didn't experience complete mental silence.","I didn't experience complete mental silence.","Agree somewhat",1,"Disagree",0,"Disagree",0,"Disagree",0,981,5,2161
"04/10/2015 17:02:06","04/10/2015 17:05:35","Strongly Agree","Strongly Disagree","Strongly Disagree","Strongly Agree","Strongly Disagree","Strongly Agree","Strongly Agree","Strongly Disagree","Strongly Agree","Strongly Agree","Strongly Disagree","Strongly Agree","Strongly Disagree","Strongly Agree","Disagree","Disagree","Disagree","Disagree","Disagree","Disagree","Disagree","Agree","Agree","Agree","Disagree","1-3 times a week","31-45 minutes",25,"Between 1 minute and 10 minutes","Between 10 seconds and 1 minute","Disagree",0,"Disagree",0,"Disagree",0,"Disagree",0,982,5,2162
"04/13/2015 02:53:37","04/13/2015 02:59:00","Disagree Slightly","Disagree Slightly","Disagree Slightly","Disagree Slightly","Disagree Slightly","Disagree Slightly","Disagree Slightly","Disagree Slightly","Disagree Slightly","Disagree Slightly","Disagree Slightly","Disagree Slightly","Disagree Slightly","Disagree Slightly","Not sure","Not sure","Not sure","Not sure","Not sure","Not sure","Not sure","Not sure","Not sure","Not sure","Not sure","I don't specifically allocate my time for complete mental silence.","I don't plan any particular amount of time",0,"I didn't experience complete mental silence.","I didn't experience complete mental silence.","Not sure",0,"Not sure",0,"Not sure",0,"Not sure",0,983,5,2163
"04/10/2015 14:11:02","04/10/2015 14:12:58","Agree Somewhat","Agree Slightly","Agree Somewhat","Agree Somewhat","Agree Slightly","Agree Slightly","Agree Somewhat","Agree Slightly","Agree Somewhat","Agree Somewhat","Disagree Slightly","Agree Slightly","Disagree Slightly","Agree Somewhat","Agree somewhat","Disagree","Disagree","Agree","Agree","Disagree","Not sure","Disagree","Disagree","Disagree","Disagree","I don't specifically allocate my time for complete mental silence.","I don't plan any particular amount of time",0,"I didn't experience complete mental silence.","I didn't experience complete mental silence.","Disagree",0,"Disagree",0,"Disagree",0,"Disagree",0,984,5,2164
NA,NA,NA,NA,NA,NA,NA,NA,NA,NA,NA,NA,NA,NA,NA,NA,NA,NA,NA,NA,NA,NA,NA,NA,NA,NA,NA,NA,NA,NA,NA,NA,NA,NA,NA,NA,NA,NA,NA,NA,NA,5,2165
"04/15/2015 13:10:00","04/15/2015 13:13:49","Strongly Agree","Strongly Disagree","Strongly Disagree","Strongly Agree","Strongly Disagree","Strongly Agree","Strongly Agree","Strongly Disagree","Strongly Agree","Agree Somewhat","Strongly Disagree","Strongly Agree","Strongly Disagree","Strongly Agree","Disagree","Disagree","Disagree","Agree","Disagree somewhat","Disagree","Disagree somewhat","Disagree","Disagree","Disagree somewhat","I don't understand this question.","I don't specifically allocate my time for complete mental silence.","I don't plan any particular amount of time",1,"I have no idea of how much time elapsed.","I have no idea of how much time elapsed.","Disagree",0,"Disagree",0,"Disagree",0,"Disagree",0,986,5,2166
"04/10/2015 15:52:02","04/10/2015 15:54:34","Agree Slightly","Agree Slightly","Agree Slightly","Agree Slightly","Agree Slightly","Agree Slightly","Agree Slightly","Agree Slightly","Agree Slightly","Agree Slightly","Agree Slightly","Agree Slightly","Agree Slightly","Agree Slightly","Disagree somewhat","Disagree somewhat","Disagree somewhat","Disagree somewhat","Disagree somewhat","Disagree somewhat","Disagree somewhat","Disagree","Disagree","Disagree","Disagree","","",NA,"","","Disagree",0,"Disagree",0,"Disagree",0,"Disagree",0,987,5,2167
"04/12/2015 19:05:04","04/12/2015 19:59:21","Agree Slightly","Agree Slightly","Disagree Slightly","Agree Slightly","Agree Slightly","Agree Slightly","Agree Somewhat","Agree Slightly","Agree Slightly","Agree Slightly","Disagree Slightly","Agree Slightly","Agree Slightly","Agree Slightly","Disagree somewhat","Disagree somewhat","Disagree somewhat","Agree somewhat","Not sure","Disagree somewhat","Disagree somewhat","Disagree","Disagree","Disagree","Disagree","I don't specifically allocate my time for complete mental silence.","I don't plan any particular amount of time",0,"I didn't experience complete mental silence.","I didn't experience complete mental silence.","Agree",1,"Agree",100,"Disagree",0,"Disagree",0,988,5,2168
"04/10/2015 18:00:57","04/10/2015 18:08:45","Agree Slightly","Agree Slightly","Disagree Slightly","Agree Slightly","Agree Slightly","Disagree Slightly","Agree Slightly","Agree Slightly","Agree Somewhat","Agree Somewhat","Agree Slightly","Agree Slightly","Agree Slightly","Agree Slightly","Disagree somewhat","Not sure","Not sure","Not sure","Not sure","Not sure","Not sure","Agree somewhat","Not sure","Not sure","Not sure","1-3 times a month","Less than 10 minutes",0,"A moment (e.g., a second or shorter)","A moment (e.g., a second or shorter)","Disagree",0,"Disagree",0,"Disagree",0,"Disagree",0,989,5,2169
"04/12/2015 19:50:23","04/12/2015 19:53:16","Agree Somewhat","Disagree Slightly","Disagree Slightly","Agree Somewhat","Agree Slightly","Agree Slightly","Agree Somewhat","Agree Slightly","Agree Somewhat","Agree Somewhat","Disagree Somewhat","Agree Somewhat","Disagree Slightly","Agree Somewhat","Not sure","Not sure","Disagree somewhat","Agree","Disagree somewhat","Not sure","Disagree somewhat","Not sure","Not sure","Not sure","Not sure","I don't specifically allocate my time for complete mental silence.","I don't plan any particular amount of time",0,"","I didn't experience complete mental silence.","Not sure",0,"Not sure",0,"Not sure",0,"Not sure",0,990,5,2170
"04/15/2015 03:05:46","04/15/2015 03:08:26","Agree Somewhat","Disagree Slightly","Disagree Somewhat","Agree Slightly","Agree Slightly","Agree Somewhat","Agree Somewhat","Agree Slightly","Agree Slightly","Agree Somewhat","Agree Slightly","Agree Somewhat","Disagree Slightly","Agree Somewhat","Not sure","Agree somewhat","Not sure","Agree somewhat","Agree somewhat","Not sure","Agree somewhat","Agree somewhat","Disagree","Disagree","Disagree","I don't specifically allocate my time for complete mental silence.","I don't plan any particular amount of time",0,"I didn't experience complete mental silence.","I didn't experience complete mental silence.","Disagree",0,"Disagree",0,"Disagree",0,"Disagree",0,991,5,2171
"04/10/2015 14:01:17","04/10/2015 14:02:55","Disagree Slightly","Agree Slightly","Disagree Slightly","Agree Slightly","Agree Slightly","Agree Slightly","Disagree Slightly","Agree Slightly","Disagree Slightly","Disagree Slightly","Agree Slightly","Disagree Slightly","Agree Slightly","Agree Slightly","Not sure","Not sure","Not sure","Not sure","Not sure","Not sure","Not sure","Not sure","Not sure","Not sure","Not sure","I don't specifically allocate my time for complete mental silence.","I don't plan any particular amount of time",0,"I have no idea of how much time elapsed.","I have no idea of how much time elapsed.","Not sure",0,"Not sure",0,"Not sure",0,"Not sure",0,992,5,2172
"04/12/2015 16:24:13","04/12/2015 16:26:54","Agree Somewhat","Agree Slightly","Agree Somewhat","Agree Slightly","Agree Slightly","Strongly Agree","Strongly Agree","Agree Slightly","Agree Somewhat","Agree Slightly","Disagree Slightly","Agree Slightly","Disagree Somewhat","Agree Somewhat","Disagree","Disagree","Disagree","Disagree somewhat","Disagree","Disagree","Agree somewhat","Disagree","Disagree","Disagree","Disagree","I don't specifically allocate my time for complete mental silence.","I don't plan any particular amount of time",0,"I didn't experience complete mental silence.","I didn't experience complete mental silence.","Disagree somewhat",0,"Disagree",0,"Disagree",0,"Disagree",0,993,5,2173
"04/13/2015 07:09:06","04/13/2015 07:11:24","Strongly Agree","Strongly Disagree","Strongly Disagree","Agree Somewhat","Strongly Disagree","","Strongly Agree","Disagree Somewhat","Disagree Slightly","Agree Slightly","Disagree Slightly","Strongly Agree","Disagree Somewhat","Strongly Agree","Not sure","Not sure","Disagree somewhat","Agree somewhat","Not sure","Disagree somewhat","Not sure","Agree somewhat","Not sure","Not sure","Disagree","I don't specifically allocate my time for complete mental silence.","I don't plan any particular amount of time",0,"Between 10 seconds and 1 minute","Between 10 seconds and 1 minute","Agree somewhat",10,"Disagree",0,"Disagree",0,"Disagree",0,994,5,2174
NA,NA,NA,NA,NA,NA,NA,NA,NA,NA,NA,NA,NA,NA,NA,NA,NA,NA,NA,NA,NA,NA,NA,NA,NA,NA,NA,NA,NA,NA,NA,NA,NA,NA,NA,NA,NA,NA,NA,NA,NA,5,2175
"04/10/2015 14:13:42","04/10/2015 14:16:23","Agree Somewhat","","","Agree Somewhat","Disagree Somewhat","Strongly Agree","Agree Slightly","Strongly Disagree","Agree Slightly","Agree Somewhat","Strongly Disagree","Strongly Agree","Strongly Disagree","Strongly Agree","Disagree","Disagree","Disagree","Agree","Agree","Disagree","Agree","Agree somewhat","Disagree","Disagree","Disagree","I don't specifically allocate my time for complete mental silence.","I don't plan any particular amount of time",0,"I didn't experience complete mental silence.","I didn't experience complete mental silence.","Agree",4,"Agree",12,"Disagree",0,"Disagree",0,996,5,2176
"04/14/2015 01:50:24","04/14/2015 01:52:28","Agree Somewhat","Disagree Somewhat","Strongly Disagree","Agree Somewhat","Disagree Somewhat","Agree Somewhat","Agree Somewhat","Disagree Somewhat","Agree Somewhat","Agree Somewhat","Disagree Somewhat","Strongly Agree","Disagree Somewhat","Agree Somewhat","Disagree","Disagree","Disagree","Disagree","Disagree","Disagree","Disagree","Disagree","Disagree","Disagree","Disagree","I don't specifically allocate my time for complete mental silence.","I don't plan any particular amount of time",0,"I didn't experience complete mental silence.","I didn't experience complete mental silence.","Disagree",0,"Disagree",0,"Disagree",0,"Disagree",0,997,5,2177
"04/10/2015 16:26:06","04/10/2015 20:28:24","Agree Slightly","Disagree Slightly","Disagree Slightly","Agree Slightly","Agree Slightly","Agree Slightly","Agree Slightly","Disagree Slightly","Agree Slightly","Agree Somewhat","Disagree Slightly","Agree Slightly","Disagree Slightly","Agree Slightly","Agree","Not sure","Disagree somewhat","Agree somewhat","Agree","Not sure","Agree somewhat","Disagree somewhat","Disagree somewhat","Disagree","Disagree","I don't specifically allocate my time for complete mental silence.","I don't plan any particular amount of time",0,"I didn't experience complete mental silence.","I didn't experience complete mental silence.","Not sure",0,"Agree",200,"Disagree",0,"Disagree",0,998,5,2178
"04/11/2015 23:35:04","04/11/2015 23:39:30","Agree Somewhat","Strongly Disagree","Disagree Slightly","Disagree Slightly","Disagree Slightly","Agree Slightly","Strongly Agree","Disagree Somewhat","Disagree Slightly","Agree Somewhat","Agree Somewhat","Agree Slightly","Disagree Somewhat","Agree Slightly","Agree somewhat","Disagree somewhat","Not sure","Agree","Agree","Disagree somewhat","Disagree somewhat","I don't understand this question.","I don't understand this question.","I don't understand this question.","I don't understand this question.","","",NA,"","","Disagree",0,"Disagree",0,"Disagree",0,"Disagree",0,999,5,2179
NA,NA,NA,NA,NA,NA,NA,NA,NA,NA,NA,NA,NA,NA,NA,NA,NA,NA,NA,NA,NA,NA,NA,NA,NA,NA,NA,NA,NA,NA,NA,NA,NA,NA,NA,NA,NA,NA,NA,NA,NA,5,2180
"04/10/2015 14:22:52","04/10/2015 14:37:08","Agree Somewhat","Disagree Somewhat","Disagree Slightly","Agree Somewhat","Disagree Slightly","Agree Somewhat","Disagree Somewhat","Agree Slightly","Strongly Disagree","Agree Somewhat","Agree Slightly","Agree Slightly","Disagree Slightly","Disagree Somewhat","Disagree","Disagree","Agree somewhat","Disagree","Agree somewhat","Disagree","Disagree","Disagree somewhat","Agree somewhat","Disagree","Disagree","I don't specifically allocate my time for complete mental silence.","",10,"I have no idea of how much time elapsed.","I have no idea of how much time elapsed.","Disagree",0,"Disagree",0,"Disagree",0,"Disagree",0,1001,5,2181
"04/13/2015 16:18:50","04/13/2015 16:25:07","Agree Somewhat","Disagree Slightly","Agree Slightly","Agree Slightly","Agree Slightly","Agree Somewhat","Agree Slightly","Agree Slightly","Agree Slightly","Agree Somewhat","Disagree Slightly","Disagree Slightly","Disagree Somewhat","Agree Somewhat","Agree somewhat","Disagree somewhat","Disagree somewhat","Agree somewhat","Agree","Disagree somewhat","Not sure","Not sure","Disagree somewhat","Disagree","Disagree","I don't specifically allocate my time for complete mental silence.","I don't plan any particular amount of time",0,"Between 10 seconds and 1 minute","I didn't experience complete mental silence.","Agree",3,"Agree",25,"Disagree somewhat",0,"Agree somewhat",0,1002,5,2182
"04/10/2015 15:57:52","04/10/2015 16:01:16","Strongly Agree","Agree Slightly","Disagree Somewhat","Disagree Slightly","Strongly Agree","Agree Somewhat","Strongly Agree","Strongly Agree","Disagree Slightly","Agree Somewhat","Strongly Agree","Agree Slightly","Disagree Slightly","Agree Somewhat","Agree","Agree","Disagree","Agree","Agree","Disagree","Agree","Disagree","Disagree","Disagree","Disagree","I don't specifically allocate my time for complete mental silence.","I don't plan any particular amount of time",NA,"I didn't experience complete mental silence.","I didn't experience complete mental silence.","Disagree",0,"Disagree",0,"Disagree",0,"Disagree",0,1003,5,2183
"04/10/2015 15:15:16","04/10/2015 15:18:30","Agree Somewhat","Disagree Somewhat","Strongly Disagree","Strongly Agree","Disagree Somewhat","Agree Somewhat","Strongly Agree","Disagree Somewhat","Strongly Agree","Strongly Agree","Strongly Disagree","Strongly Agree","Strongly Disagree","Strongly Agree","Agree","Disagree","Disagree","Agree somewhat","Agree","Disagree","Disagree somewhat","Agree somewhat","Disagree somewhat","Disagree somewhat","Disagree","I don't specifically allocate my time for complete mental silence.","I don't plan any particular amount of time",0,"I didn't experience complete mental silence.","Longer than a moment but shorter than 10 seconds","Agree",4,"Agree",10,"Disagree",0,"Disagree",0,1004,5,2184
"04/10/2015 14:33:59","04/10/2015 14:36:47","Agree Slightly","Agree Slightly","Agree Slightly","Agree Somewhat","Agree Slightly","Agree Somewhat","Strongly Agree","Disagree Slightly","Agree Somewhat","Strongly Agree","Disagree Slightly","Disagree Slightly","Disagree Slightly","Agree Slightly","Disagree somewhat","Disagree somewhat","Disagree somewhat","Agree somewhat","Disagree somewhat","Disagree somewhat","Disagree somewhat","Disagree","Disagree","Disagree","Disagree","I don't specifically allocate my time for complete mental silence.","I don't plan any particular amount of time",0,"I didn't experience complete mental silence.","I didn't experience complete mental silence.","Not sure",0,"Disagree",0,"Disagree",0,"Disagree",0,1005,5,2185
"04/10/2015 16:40:03","04/10/2015 16:45:20","Strongly Agree","Agree Somewhat","Disagree Somewhat","Agree Somewhat","Disagree Slightly","Strongly Agree","Strongly Agree","Disagree Somewhat","Agree Somewhat","Agree Somewhat","Disagree Somewhat","Agree Somewhat","Strongly Disagree","Strongly Agree","Disagree somewhat","Disagree somewhat","Disagree","Not sure","Agree somewhat","Disagree","Agree somewhat","Disagree","Not sure","Disagree","Disagree","I don't specifically allocate my time for complete mental silence.","I don't plan any particular amount of time",0,"I didn't experience complete mental silence.","I didn't experience complete mental silence.","Not sure",0,"Disagree",0,"Disagree",0,"Disagree",0,1006,5,2186
"04/10/2015 17:06:23","04/10/2015 17:10:11","Strongly Agree","Strongly Disagree","Strongly Disagree","Strongly Agree","Strongly Disagree","Strongly Agree","Strongly Agree","Strongly Disagree","Strongly Agree","Strongly Agree","Strongly Disagree","Strongly Agree","Strongly Disagree","Strongly Agree","Disagree","Disagree","Disagree","Disagree somewhat","Disagree somewhat","Disagree","Disagree","Disagree somewhat","Disagree","Disagree","Disagree","I don't specifically allocate my time for complete mental silence.","I don't plan any particular amount of time",20,"Longer than a moment but shorter than 10 seconds","A moment (e.g., a second or shorter)","Agree somewhat",5,"Disagree",0,"Disagree",0,"Disagree",0,1007,5,2187
"04/10/2015 15:34:53","04/10/2015 15:40:42","Strongly Agree","Disagree Slightly","Disagree Slightly","Agree Somewhat","Disagree Somewhat","Agree Somewhat","Agree Somewhat","Disagree Somewhat","Agree Somewhat","Agree Somewhat","Disagree Somewhat","Agree Somewhat","Disagree Somewhat","Agree Somewhat","Disagree","Disagree","Disagree","Disagree somewhat","Disagree","Disagree","Disagree somewhat","Not sure","Agree somewhat","Agree","Disagree","I don't specifically allocate my time for complete mental silence.","I don't plan any particular amount of time",0,"I didn't experience complete mental silence.","Between 10 seconds and 1 minute","Disagree",0,"Disagree",0,"Disagree",0,"Disagree somewhat",0,1008,5,2188
"04/10/2015 14:15:26","04/10/2015 14:20:52","Agree Somewhat","Agree Slightly","Disagree Somewhat","Agree Somewhat","Agree Somewhat","Agree Slightly","Agree Somewhat","Disagree Slightly","Disagree Slightly","Agree Somewhat","Disagree Slightly","Agree Slightly","Disagree Somewhat","Agree Somewhat","Agree somewhat","Not sure","Agree somewhat","Agree somewhat","Agree somewhat","Not sure","Not sure","Agree","Disagree somewhat","Not sure","Disagree","1-3 times a month","Less than 10 minutes",0,"I didn't experience complete mental silence.","I didn't experience complete mental silence.","Disagree",0,"Disagree",0,"Disagree",0,"Disagree",0,1009,5,2189
"04/10/2015 14:34:55","04/10/2015 14:37:16","Agree Slightly","Disagree Slightly","Disagree Slightly","Agree Slightly","Agree Slightly","Agree Slightly","Agree Slightly","Agree Slightly","Agree Slightly","Agree Slightly","Disagree Slightly","Agree Slightly","Disagree Slightly","Agree Slightly","Not sure","Not sure","Not sure","Agree somewhat","Not sure","Not sure","Not sure","Agree somewhat","Not sure","Not sure","Disagree somewhat","I don't specifically allocate my time for complete mental silence.","I don't plan any particular amount of time",0,"I didn't experience complete mental silence.","I didn't experience complete mental silence.","Agree somewhat",3,"Disagree",0,"Disagree",0,"Disagree",0,1010,5,2190
"04/15/2015 15:04:45","04/15/2015 15:08:37","Agree Somewhat","Disagree Somewhat","Disagree Somewhat","Agree Somewhat","Agree Slightly","Agree Somewhat","Agree Somewhat","Disagree Slightly","Agree Somewhat","Strongly Agree","Disagree Slightly","Agree Somewhat","Disagree Somewhat","Strongly Agree","Agree","Disagree","Disagree","Agree","Agree","Disagree","Agree","Disagree","Disagree","Disagree","Disagree","I don't specifically allocate my time for complete mental silence.","I don't plan any particular amount of time",0,"I didn't experience complete mental silence.","I didn't experience complete mental silence.","Disagree",0,"Disagree",0,"Disagree",0,"Disagree",0,1011,5,2191
"04/10/2015 14:04:21","04/10/2015 14:14:34","Agree Slightly","Disagree Slightly","Disagree Slightly","Agree Slightly","Disagree Slightly","Agree Somewhat","Agree Slightly","Disagree Slightly","Agree Slightly","Agree Somewhat","Disagree Slightly","Agree Somewhat","Disagree Slightly","Agree Slightly","Not sure","Disagree","Disagree","Not sure","Not sure","Disagree","Disagree somewhat","Not sure","Disagree","Disagree","Disagree","I don't specifically allocate my time for complete mental silence.","Less than 10 minutes",0,"I didn't experience complete mental silence.","I didn't experience complete mental silence.","Agree",2,"Agree",2,"Disagree",0,"Disagree",0,1012,5,2192
